unit_id,form_index,name
0,0,"ネコ"
0,1,"ネコビルダー"
0,2,"ネコモヒカン"
1,0,"タンクネコ"
1,1,"ネコカベ"
1,2,"ゴムネコ"
2,0,"バトルネコ"
2,1,"勇者ネコ"
2,2,"暗黒ネコ"
3,0,"キモネコ"
3,1,"美脚ネコ"
3,2,"ムキあしネコ"
4,0,"ウシネコ"
4,1,"ネコキリン"
4,2,"ネコライオン"
5,0,"ネコノトリ"
5,1,"ネコＵＦＯ"
5,2,"天空のネコ"
6,0,"ネコフィッシュ"
6,1,"ネコクジラ"
6,2,"ネコ島"
7,0,"ネコトカゲ"
7,1,"ネコドラゴン"
7,2,"ネコキングドラゴン"
8,0,"巨神ネコ"
8,1,"ネコダラボッチ"
8,2,"ネコジャラミ"
9,0,"ネコ女優"
9,1,"ネコ聖母"
9,2,"ネコマッチョ"
10,0,"カンフーにゃんこ"
10,1,"酔拳にゃんこ"
10,2,"ネコダンサー"
11,0,"Mr."
11,1,"Super Mr."
11,2,"Hyper Mr."
12,0,"猫縛り"
12,1,"猫縛りNEO"
12,2,"猫縛り極上"
13,0,"女王猫"
13,1,"処刑人"
13,2,"暗黒嬢"
14,0,"ネコの箱詰め"
14,1,"ネコギャング"
14,2,"重機C・A・T"
15,0,"ネコパンツ"
15,1,"ネコ葉っぱ"
15,2,"ネコぺろきゃん"
16,0,"もねこ"
16,1,"スターもねこ"
16,2,"スーパースターもねこ"
17,0,"ネコリンリン"
17,1,"ネコワイルド"
17,2,"イチリンリン"
18,0,"ネコ忍者"
18,1,"ガマネコ忍者"
18,2,"ムササビネコ忍者"
19,0,"ネコゾンビ"
19,1,"デビルネコ"
19,2,"ネコボーン"
20,0,"ネコざむらい"
20,1,"ネコナイト"
20,2,"ネコパティシエ"
21,0,"スモウネコ"
21,1,"マダム・ザ・スモウ"
21,2,"ネコにぎり"
22,0,"ネコフィーバー"
22,1,"ネコカーニバル"
22,2,"ネコアミーゴ"
23,0,"ネコスカート"
23,1,"ネコタイツ"
23,2,"ねこななふん"
24,0,"ネコヴァルキリー"
24,1,"ネコヴァルキリー・真"
24,2,"ネコヴァルキリー・聖"
25,0,"ネコムート"
25,1,"狂乱のネコムート"
25,2,"覚醒のネコムート"
26,0,"ケリ姫"
26,1,"フルカラーケリ姫"
26,2,"ウェディングケリ姫"
27,0,"ネコひめ"
27,1,"ネコひめビューティ"
28,0,"ネコカプセル"
28,1,"ねこ盛り"
29,0,"マスクオブネコ"
29,1,"ネコレスラー"
30,0,"ネコぼさつ"
30,1,"ネコせんじゅ"
30,2,"ネコにょらい"
31,0,"ネコ番長"
31,1,"怒りのネコ番長"
31,2,"押忍！ネコ番長"
32,0,"ネコザイル"
32,1,"ネコ裸踊り"
32,2,"ネコカンカン"
33,0,"ねこタツ"
33,1,"ねこＴＶ"
33,2,"ねこタコつぼ"
34,0,"ネコルガ"
34,1,"ケサランパサラン"
34,2,"ウルトラケサラン"
35,0,"オタネコ"
35,1,"ネコハッカー"
35,2,"ネコスーパーハッカー"
36,0,"ネコスイマー"
36,1,"ネコバタフライ"
36,2,"ネコ半魚人"
37,0,"ネコホッピング"
37,1,"ネコマサイ"
37,2,"ネコキョンシー"
38,0,"ネコ車輪"
38,1,"ネコ太陽"
38,2,"ネコクール"
39,0,"ネコリンゴ"
39,1,"カオルくん"
39,2,"ネコアップル"
40,0,"ネコバスたぶ"
40,1,"セクシーネコバスたぶ"
40,2,"ネコバスたぶゴールデン"
41,0,"ネコエステ"
41,1,"ネコジェンヌ"
41,2,"ネコパーフェクト"
42,0,"ネコアイス"
42,1,"ネコアイスクイーン"
42,2,"ネコアイスクリスタル"
43,0,"ネコマシン"
43,1,"ネコマシン・破"
43,2,"ネコマシン・滅"
44,0,"鬼にゃんま"
44,1,"鬼神にゃんま"
44,2,"獄炎鬼にゃんま"
45,0,"芸者ねこ"
45,1,"ネコでありんした"
46,0,"ねこジュラ"
46,1,"ねこジュラシッター"
46,2,"ねこジュラザウルス"
47,0,"ねこファイター"
47,1,"メガトンファイター"
47,2,"マキシマムファイター"
48,0,"ねこ海賊"
48,1,"ニャーコック船長"
48,2,"ニャック・スパロウ"
49,0,"ねこ泥棒"
49,1,"怪盗ニャコン"
49,2,"ネゴエモン"
50,0,"ねこ僧侶"
50,1,"ねこ坊主"
50,2,"ねこ法師"
51,0,"ねこ占い師"
51,1,"ねこふんど師"
51,2,"ねこ医師"
52,0,"ネコシャーマン"
52,1,"ネコラマンサー"
52,2,"ネコオドラマンサー"
53,0,"エヴァンジェリスト"
53,1,"フィリバスター"
54,0,"10式戦車"
54,1,"ネコ搭乗10式戦車"
55,0,"ネコ魔女"
55,1,"ネコマージョ"
55,2,"ネコビマージョ"
56,0,"ネコアーチャー"
56,1,"ネコキューピット"
56,2,"ネコいて座"
57,0,"ネコシュバリエ"
57,1,"ネコベルセルク"
57,2,"ネコパラディン"
58,0,"ネコ魔剣士"
58,1,"双剣ネコ魔剣士"
58,2,"双炎舞ネコ魔剣士"
59,0,"ねこベビー"
59,1,"ねこベビーズ"
59,2,"ネコベビーカーズ"
59,3,"ネコベビーワールド"
60,0,"ネコブ・ロンズ"
60,1,"芸術のネコスタチュ"
60,2,"ネコクイズ王"
61,0,"ねこ寿司"
61,1,"ねこリーゼント"
61,2,"ネコ極上"
62,0,"ネコポン"
62,1,"ネコポニョン"
63,0,"ネコ運動会"
63,1,"ネコラッチ"
63,2,"ネコ棒倒し"
64,0,"剣士"
64,1,"剣士ジョニー"
65,0,"ウシ姫"
65,1,"キリン姫"
66,0,"KHM48"
66,1,"ダークKHM48"
66,2,"KHM46"
67,0,"チビガウ"
67,1,"チビガウガウ"
67,2,"クリスタルチビガウガウ"
68,0,"執行者"
68,1,"執行者999"
68,2,"ジャッジメント"
69,0,"眠れるケリの美女"
69,1,"眠れるケリの美女Ⅱ"
69,2,"ひたすら眠れるケリの美女"
70,0,"ネコリーマン"
70,1,"ネコ怨み"
70,2,"ネコ火祭り"
71,0,"真田幸村"
71,1,"武神・真田幸村"
71,2,"飛翔の武神・真田幸村"
72,0,"前田慶次"
72,1,"武神・前田慶次"
72,2,"憤怒の武神・前田慶次"
73,0,"織田信長"
73,1,"武神・織田信長"
73,2,"天魔・織田信長"
73,3,"夢幻天魔・織田信長"
74,0,"トナカイフィッシュ"
74,1,"ネコ魚のお造り"
74,2,"フィッシュ・ド・ノエル"
75,0,"風神のウィンディ"
75,1,"風神のウィンディα"
75,2,"疾風神のウィンディα"
75,3,"アルティメットウィンディα"
76,0,"雷神のサンディア"
76,1,"雷神のサンディアβ"
76,2,"迅雷神のサンディアβ"
76,3,"アルティメットサンディアβ"
77,0,"ドロイド"
77,1,"ニャンドロイド"
77,2,"ハルドロイド"
78,0,"ネコと宇宙"
78,1,"ニャア少佐"
78,2,"駆動戦士ネコ"
79,0,"にゃんこ成人"
79,1,"にゃんこ病人"
79,2,"にゃんこ囚人"
80,0,"吾輩は鬼である"
80,1,"ネコ紳士"
80,2,"ネコ紳士同盟"
81,0,"ひなにゃんこ"
81,1,"超号珍ニャジンガー"
81,2,"ニャラジン"
82,0,"ネコ忍者～青～"
82,1,"ネコ忍者～橙～"
83,0,"地龍ソドム"
83,1,"地龍王ソドム"
83,2,"地龍皇帝ソドム"
84,0,"聖龍メギドラ"
84,1,"聖龍王メギドラ"
84,2,"聖龍皇帝メギドラ"
85,0,"竜騎士バルス"
85,1,"竜騎士王バルス"
85,2,"竜騎士皇帝バルス"
86,0,"神龍かむくら"
86,1,"神龍王かむくら"
86,2,"神龍皇帝かむくら"
87,0,"竜戦機ライデン"
87,1,"竜戦機王ライデン"
87,2,"竜戦機皇帝ライデン"
88,0,"ネコなわとび"
88,1,"ネコネコなわとび"
88,2,"ネコ蕎麦屋"
89,0,"ニムエ"
89,1,"帰化型ニムエ"
90,0,"猿王"
90,1,"SSS猿王"
91,0,"狂乱のネコ"
91,1,"狂乱のネコビルダー"
91,2,"大狂乱のネコモヒカン"
92,0,"狂乱のタンクネコ"
92,1,"狂乱のネコカベ"
92,2,"大狂乱のゴムネコ"
93,0,"狂乱のバトルネコ"
93,1,"狂乱の勇者ネコ"
93,2,"大狂乱の暗黒ネコ"
94,0,"狂乱のキモネコ"
94,1,"狂乱の美脚ネコ"
94,2,"大狂乱のムキあしネコ"
95,0,"狂乱のウシネコ"
95,1,"狂乱のキリンネコ"
95,2,"大狂乱のネコライオン"
96,0,"狂乱のネコノトリ"
96,1,"狂乱のネコUFO"
96,2,"大狂乱の天空のネコ"
97,0,"狂乱のネコフィッシュ"
97,1,"狂乱のネコクジラ"
97,2,"大狂乱のネコ島"
98,0,"狂乱のネコトカゲ"
98,1,"狂乱のネコドラゴン"
98,2,"大狂乱のネコキングドラゴン"
99,0,"狂乱の巨神ネコ"
99,1,"狂乱のネコダラボッチ"
99,2,"大狂乱のネコジャラミ"
100,0,"ネコ乙女"
100,1,"モトコ"
100,2,"サホリ"
101,0,"弱酸性エル"
101,1,"弱酸性エルCC"
102,0,"レッドマローン"
102,1,"レッドマローンCC"
103,0,"歌謡にゃんこ"
103,1,"メガにゃんこ"
103,2,"メガにゃんこEX"
104,0,"マジでコイしてる"
104,1,"コイ・the・Night"
104,2,"キスヨリ・ス・ゴイ"
105,0,"猿帝のクウ"
105,1,"猿帝のクウγ"
105,2,"金猿帝のクウγ"
106,0,"召し豚のカイ"
106,1,"召し豚のカイμ"
106,2,"召し猪のカイμ"
107,0,"宝杖のカッパーマイン"
107,1,"宝杖のカッパーκ"
107,2,"光宝杖のカッパーκ"
108,0,"にゃんこ３兄弟"
108,1,"秘密要塞ネコロス"
109,0,"マダム・ザ・花嫁"
109,1,"マダム・ザ・王様"
109,2,"マダム・ザ・サバンナ"
110,0,"セレス"
110,1,"セレスCC"
111,0,"ノノ"
111,1,"ノノCC"
111,2,"野跳ねる白猫ノノCC"
112,0,"オルガ"
112,1,"オルガCC"
113,0,"ノルン"
113,1,"ノルンCC"
114,0,"よいち"
114,1,"よいちCC"
115,0,"セラム"
115,1,"セラムCC"
116,0,"フウ"
116,1,"フウCC"
117,0,"アウラ"
117,1,"アウラCC"
118,0,"レイ"
118,1,"レイCC"
119,0,"ワイバーン"
119,1,"ニャイバーン"
119,2,"ニャイバーン＆アレク"
120,0,"癒術士"
120,1,"癒術士CC"
120,2,"にゃんこ化癒術士ＣＣ"
121,0,"メルク"
121,1,"メルクCC"
121,2,"にゃんことメルクCC"
122,0,"女王様の休日"
122,1,"いつものＯＬ"
122,2,"コールセンターのＯＬ"
123,0,"マメマメにゃんこ"
123,1,"ラブラブにゃんこ"
123,2,"ヴァルヴァルにゃんこ"
124,0,"伊達政宗"
124,1,"武神・伊達政宗"
124,2,"邪眼竜の武神・伊達政宗"
125,0,"武田信玄"
125,1,"武神・武田信玄"
125,2,"猛牛の武神・武田信玄"
126,0,"カラクリにゃんこ"
126,1,"ネコ人形師"
126,2,"ネコチャッピー"
127,0,"ネコフラワー"
127,1,"にゃんこ扇風"
127,2,"ネコボンバー"
128,0,"うらめしにゃん"
128,1,"ハナメガにゃん"
128,2,"凧にゃん"
129,0,"金ネコ"
129,1,"金ネコビルダー"
129,2,"金ピカネコビルダー"
130,0,"ウルフとウルルン"
130,1,"タマとウルルン"
130,2,"覚醒のタマとウルルン"
131,0,"ねねこ"
131,1,"スターねねこ"
132,0,"カンフーにゃんこＧ"
132,1,"酔拳にゃんこＧ"
132,2,"剛拳にゃんこＧ"
133,0,"ヒカキン"
133,1,"ビキャキン"
133,2,"ムキャキン"
134,0,"うらしまタロウ"
134,1,"竜宮獣ガメレオン"
134,2,"竜宮超獣キングガメレオン"
135,0,"ツルの恩返し"
135,1,"銀河戦士コスモ"
135,2,"究極戦士コズミックコスモ"
135,3,"究極勇者ウルトラコスモ"
136,0,"ももたろう"
136,1,"爆走兄弟ピーチスター"
136,2,"爆走兄弟ピーチジャスティス"
137,0,"かさじぞう"
137,1,"地蔵要塞カムイ"
137,2,"地蔵要塞ゼロカムイ"
137,3,"ウルトラかさじぞう"
138,0,"かぐやひめ"
138,1,"破壊衛星デスムーン"
138,2,"破壊衛星カオスムーン"
138,3,"ウルトラかぐやひめ"
139,0,"ネコンドー"
139,1,"ネコンドーＨＧ"
139,2,"ネコンドーＳＰ"
140,0,"ふにゅふにゅネコ"
140,1,"むきゅむきゅネコ"
141,0,"神様"
141,1,"シークレット神様"
142,0,"ネコチュートリアル"
142,1,"裏チュートリアル"
143,0,"ねこナース"
143,1,"ハートフルねこナース"
143,2,"ジョイフルねこナース"
144,0,"にゃんこ城Mini"
144,1,"にゃんこ城Jr"
144,2,"にゃんこ城Max"
145,0,"ねこガンマン"
145,1,"ねこウエスタン"
145,2,"ねこロデオ"
146,0,"たけうまねこ"
146,1,"トーテムねこ"
146,2,"ねこ雑技団"
147,0,"ブリキネコ"
147,1,"プレーンネコ"
147,2,"ネコロボット"
148,0,"ねこロッカー"
148,1,"ねこアーティスト"
148,2,"ねこラーメン道"
149,0,"ねこ人魚"
149,1,"ねこソルジャー"
149,2,"ネコカメラマン"
150,0,"窓辺の乙女ネコ"
150,1,"窓辺の姫君ネコ"
150,2,"窓辺の舞妓にゃん"
151,0,"ネコバーベル"
151,1,"ネコRG"
151,2,"ネコデリバリー"
152,0,"ネコスケート"
152,1,"よいではにゃいか"
152,2,"にゃんでやねん"
153,0,"ネコトースター"
153,1,"ネコ映写機"
153,2,"ネコクラシック"
154,0,"ねこフープ"
154,1,"ねこトリプルフープ"
154,2,"ねこグルグルフープ"
155,0,"156-1"
155,1,"156-2"
155,2,"156-3"
156,0,"ドラリー剣士"
156,1,"ドラリー魔法使い"
157,0,"ヌボボ"
157,1,"ゴールボ"
158,0,"上杉謙信"
158,1,"武神・上杉謙信"
158,2,"暴威の武神・上杉謙信"
158,3,"毘沙門軍神・上杉謙信"
159,0,"冥界のカリファ"
159,1,"冥界のＸカリファ"
159,2,"冥界のＸＸカリファ"
160,0,"ユーリンチー"
160,1,"転生霊鳥ユーリンチー"
160,2,"ゲキリンチー"
161,0,"狂乱のケリ姫"
161,1,"狂乱のケリ姫CC"
161,2,"大狂乱のケリ姫"
162,0,"綾小路 翔"
162,1,"翔やん＆にゃんこ"
163,0,"早乙女 光"
163,1,"光＆にゃんこ"
164,0,"西園寺 瞳"
164,1,"トミー＆にゃんこ"
165,0,"星グランマニエ"
165,1,"ランマ＆にゃんこ"
166,0,"白鳥松竹梅"
166,1,"松＆にゃんこ"
167,0,"ネコヤンキー"
167,1,"ネコスケバン"
168,0,"アシルガ"
168,1,"アシランパサラン"
168,2,"アタタタアシラン"
169,0,"クビルガ"
169,1,"クビランパサラン"
169,2,"E・クビランパサラン"
170,0,"テコルガ"
170,1,"テサランパサラン"
170,2,"ムギワラテサラン"
171,0,"バララガ"
171,1,"バラランパサラン"
171,2,"ピカランバララン"
172,0,"コニャンダム"
172,1,"ネコニャンダム"
172,2,"覚醒のネコニャンダム"
173,0,"厨房マンボウ"
173,1,"工房マンボウ"
173,2,"社会の一員"
174,0,"マンボ王"
174,1,"生ける伝説"
174,2,"太平洋の主"
175,0,"にゃんぼう"
175,1,"ネコトーピード"
176,0,"マシュマロにゃん"
176,1,"キモマロにゃん"
177,0,"覇龍ディオラムス"
177,1,"覇龍王ディオラムス"
177,2,"覇龍皇帝ディオラムス"
177,3,"大覇龍皇帝ディオラムス"
178,0,"極道にゃんこ"
178,1,"ヤクザヴァンパイア"
179,0,"タクヤとユキ"
179,1,"タクヤとユキとネコ"
179,2,"タクヤとビューティユキ"
180,0,"謎の少女ユキ"
180,1,"謎の少女ユキ＆ネコ"
180,2,"謎のネコ耳少女ユキ"
181,0,"ゆきにゃん"
181,1,"ビューティゆきにゃん"
182,0,"183-1"
182,1,"183-2"
183,0,"にゃんこカートR"
183,1,"にゃんこカートG"
183,2,"にゃんこカートP"
184,0,"ミスターニンジャ"
184,1,"タンタン"
185,0,"ハルシュト"
185,1,"ハルシュトCC"
185,2,"革命のハルシュトCC"
186,0,"コーネリア"
186,1,"コーネリアCC"
187,0,"ユーヴェンス"
187,1,"ユーヴェンスCC"
187,2,"休日の騎士様ユーヴェンスCC"
188,0,"ミスティカ"
188,1,"ミスティカCC"
188,2,"寂救のミスティカCC"
189,0,"アロイス"
189,1,"アロイスCC"
190,0,"シトルイユ"
190,1,"シトルイユCC"
191,0,"ティティ"
191,1,"ティティCC"
191,2,"ネコティティCC"
192,0,"山岡実乃里"
192,1,"クイーンみのりん"
193,0,"中村奏絵"
193,1,"クイーンかにー"
194,0,"アキラ"
194,1,"シャドウ・アキラ"
194,2,"インフェルノ・アキラ"
195,0,"西園寺メカ子"
195,1,"ドクトルDr.メカ子"
195,2,"アストロDr.メカ子"
196,0,"キャットマンダディ"
196,1,"キャットマンダーク"
196,2,"キャットマンライジング"
197,0,"サイキックネコ"
197,1,"ネオサイキックネコ"
197,2,"デビルサイキックネコ"
198,0,"ねこ陰陽師"
198,1,"魔法少女ねこ"
198,2,"ねこ大魔王"
199,0,"ネコサーファー"
199,1,"ネコ漂流"
199,2,"ネコ漂流記"
200,0,"メタルネコ"
200,1,"メタルネコビルダー"
201,0,"ドラムメニャー"
201,1,"プラカードにゃん"
201,2,"ネコぺったん"
202,0,"ネコ小籠包"
202,1,"ネコ大籠包"
202,2,"大籠包にゃんこ"
203,0,"カチカチヤマンズ"
203,1,"炎護射撃車ウーウー"
203,2,"豪炎狙撃車ウーウー"
204,0,"アイルー"
204,1,"アイルー＆メラルー"
205,0,"シェリア【キリン】"
205,1,"シェリア【キリンX】"
206,0,"リオレウス"
206,1,"リオレウス＆にゃんこ"
207,0,"リオレイア"
207,1,"リオレイア＆にゃんこ"
208,0,"キリンネコ"
208,1,"キリンネコキリン"
209,0,"ちびネコ"
209,1,"ちびネコビルダー"
209,2,"ちびネコモヒカン"
210,0,"ちびタンクネコ"
210,1,"ちびネコカベ"
210,2,"ちびゴムネコ"
211,0,"ちびバトルネコ"
211,1,"ちび勇者ネコ"
211,2,"ちび暗黒ネコ"
212,0,"ホワイトラビット"
212,1,"ブラックキャット"
212,2,"グレーフォックス"
212,3,"スペクトルキャット"
213,0,"にゃんこバーガー"
213,1,"にゃんこキングバーガー"
213,2,"にゃんこバーガーセット"
214,0,"百太郎"
214,1,"百太郎CC"
215,0,"マルコ"
215,1,"マルコCC"
216,0,"ターマ"
216,1,"ターマCC"
217,0,"エリ"
217,1,"エリCC"
218,0,"フィオ"
218,1,"フィオCC"
219,0,"SV-001"
219,1,"SV-001CC"
220,0,"アレン・オニール"
220,1,"アレン・オニールCC"
221,0,"マーズピープル"
221,1,"マーズピープルCC"
222,0,"ヒュージハーミット"
222,1,"ヒュージハーミットCC"
222,2,"ゴールデンヒュージハーミットCC"
223,0,"ジュピターキング"
223,1,"ジュピターキングCC"
223,2,"ゴールデンジュピターCC"
224,0,"モーデン元帥"
224,1,"モーデン元帥CC"
224,2,"ゴールデンモーデンCC"
225,0,"ハイ・ドゥ"
225,1,"ハイ・ドゥCC"
225,2,"ハイ・ドゥ MK III CC"
226,0,"呪術師デスピエロ"
226,1,"闇商人バビル"
226,2,"奇術科学者クレイG"
227,0,"にゃんぷきん"
227,1,"ねこランタン"
227,2,"死神ネコ"
228,0,"ハロウィンねねこ"
228,1,"ハロウィン魔女ねねこ"
228,2,"仮装・ハロウィンねねこ"
229,0,"ウィンディスイート"
229,1,"ウィンディスイートα"
230,0,"デビルサンディア"
230,1,"デビルサンディアβ"
231,0,"おでん"
231,1,"おでんCC"
232,0,"光の神徒ヴァルキリー"
232,1,"光の神徒ヴァルキリーCC"
233,0,"神徒ブリュンヒルデ"
233,1,"神徒ブリュンヒルデCC"
234,0,"神徒スルズ"
234,1,"神徒スルズCC"
235,0,"豊穣の女神フレイヤ"
235,1,"豊穣の女神フレイヤCC"
236,0,"軍神オーディン"
236,1,"軍神オーディンCC"
237,0,"おかめはちもくネコ"
237,1,"おかめの水博士"
237,2,"おかめ名誉客員教授"
238,0,"ボンボンネコ"
238,1,"ネコボンのパパ"
238,2,"ネコボンのパパのパパ"
239,0,"見習いスニャイパー"
239,1,"ネゴルゴ"
239,2,"ネゴルゴ３１"
240,0,"トゲルガ"
240,1,"トゲランパサラン"
240,2,"デイダラトゲラン"
241,0,"雪だるまのスノーカイ"
241,1,"雪だるまのスノーカイμ"
241,2,"雪妖精のスノーカイμ"
242,0,"サンタのメリークウ"
242,1,"サンタのメリークウγ"
243,0,"聖夜のシスターカッパー"
243,1,"聖夜のシスターカッパーκ"
244,0,"ネコのプレゼント"
244,1,"ネコプレゼント"
245,0,"ちびキモネコ"
245,1,"ちび美脚ネコ"
245,2,"ちびムキあしネコ"
246,0,"ちびウシネコ"
246,1,"ちびネコキリン"
246,2,"ちびネコライオン"
247,0,"ちびネコノトリ"
247,1,"ちびネコUFO"
247,2,"天空のちびネコ"
248,0,"死にたてにゃんこ"
248,1,"化けにゃんこ"
248,2,"復活にゃんこ"
249,0,"剣士"
249,1,"セーラー服剣士"
249,2,"明王の剣士"
250,0,"騎馬兵"
250,1,"森の騎馬兵"
250,2,"迅雷の黒騎馬兵"
251,0,"アシュラ"
251,1,"武者アシュラ"
251,2,"傾奇者アシュラ"
252,0,"バトルバルーン"
252,1,"海賊バトルバルーン"
252,2,"バトルバルーンUFO"
253,0,"ドラゴンライダー"
253,1,"ボーンドラゴンライダー"
253,2,"フレイムドラゴンライダー"
254,0,"プリティキャット"
254,1,"ラブリープリティキャット"
254,2,"サイバープリティキャット"
255,0,"サイクロプス"
255,1,"鋼鉄のサイクロプス"
255,2,"時空のサイクロプス"
256,0,"ゴーレム"
256,1,"うさぎゴーレム"
256,2,"ボルケーノゴーレム"
257,0,"天空神ゼウス"
257,1,"ギガントゼウス"
257,2,"Gギガントゼウス"
258,0,"守護神アヌビス"
258,1,"パーフェクトアヌビス"
258,2,"Ｇパーフェクトアヌビス"
259,0,"美女神アフロディーテ"
259,1,"メガロディーテ"
259,2,"Gメガロディーテ"
260,0,"ネコウェイ"
260,1,"ネコドローン"
260,2,"ネコタイムマシン"
261,0,"天誅ハヤブサ"
261,1,"斬魔ハヤブサ"
261,2,"滅殺ハヤブサ"
262,0,"ニャームス"
262,1,"ネコニャームス"
263,0,"ポチ"
263,1,"タンクポチ"
264,0,"クロミ"
264,1,"クロミとにゃんこたち"
265,0,"せつ子"
265,1,"せつ子Love鯖"
266,0,"ねば～る君"
266,1,"ねば～る君とにゃんこ"
267,0,"ネコタイフーン"
267,1,"ネコハリケーン"
267,2,"ネコあらし"
268,0,"ネコずきんミーニャ"
268,1,"ラブリィずきんミーニャ"
268,2,"覚醒ラブずきんミーニャ"
269,0,"幼獣ガオ"
269,1,"皇獣ガオウ"
270,0,"狂乱のユキ"
270,1,"狂乱のユキ＆ネコ"
270,2,"狂乱のネコ耳ユキ"
271,0,"太陽神アマテラス"
271,1,"テラアマテラス"
271,2,"Gテラアマテラス"
272,0,"繁栄神ガネーシャ"
272,1,"ガネーシャエクサ"
272,2,"Gガネーシャエクサ"
273,0,"チアにゃんこ"
273,1,"ネコウエイトレス"
273,2,"にゃんこそば"
274,0,"トロピカルカリファ"
274,1,"トロピカルXカリファ"
275,0,"真夏のホワイトラビット"
275,1,"真夏のブラックキャット"
275,2,"ブライトサマーキャット"
276,0,"夏色ねねこ"
276,1,"海辺のねねこ"
276,2,"初夏・海辺のねねこ"
277,0,"なめこ"
277,1,"なめこ＆にゃんこ"
278,0,"なめこタンク"
278,1,"なめこタンク＆にゃんこ"
279,0,"白ネコなめこ"
279,1,"キモ白ネコなめこ"
280,0,"要塞なめこ"
280,1,"なめこ＆要塞にゃんこ"
281,0,"ふてニャン"
281,1,"モミモミふてニャン"
282,0,"ネコ阿波踊り"
282,1,"ネコソーラン"
282,2,"ネコ舞踊ゴージャス"
283,0,"猫飯拳パイパイ"
283,1,"猫飯拳パイパイZ"
283,2,"猫拳王パイパイDX"
284,0,"ネコ特急"
284,1,"ネコ超特急"
284,2,"ネコエクスプレス"
285,0,"286-1"
285,1,"286-2"
285,2,"286-3"
286,0,"閃雷機兵レイ"
286,1,"閃雷機兵プラズマレイ"
286,2,"閃雷輝兵ウイングレイ"
287,0,"ネコ球児"
287,1,"ネコリーガー"
287,2,"ネコゴルファー"
288,0,"鹿目まどか"
288,1,"まどか＆ネコ"
288,2,"アルティメットまどか"
289,0,"暁美ほむら"
289,1,"ほむら＆ネコ"
289,2,"悪魔ほむら"
290,0,"美樹さやか"
290,1,"さやか＆ネコ"
291,0,"巴マミ"
291,1,"マミ＆ネコ"
292,0,"佐倉杏子"
292,1,"杏子＆ネコ"
293,0,"キュゥべえ"
293,1,"キュゥべえ＆ネコ"
294,0,"ネコまどか"
294,1,"魔法少女ネコまどか"
295,0,"ネコほむら"
295,1,"魔法少女ネコほむら"
296,0,"ネコさやか"
296,1,"魔法少女ネコさやか"
297,0,"ネコマミ"
297,1,"魔法少女ネコマミ"
298,0,"ネコ杏子"
298,1,"魔法少女ネコ杏子"
299,0,"ちびまどか"
299,1,"ちび魔法少女まどか"
299,2,"ちびアルティメットまどか"
300,0,"ちびほむら"
300,1,"ちび魔法少女ほむら"
300,2,"ちび悪魔ほむら"
301,0,"ネコキュゥべえ"
301,1,"タンクキュゥべえ"
302,0,"ネコアイスゴースト"
302,1,"ネコアイスファントム"
302,2,"ネコアイスサキュバス"
303,0,"ネコ屋台"
303,1,"ネコの宅配便"
303,2,"ネコ給食当番"
304,0,"帝国陸軍カタパルズ"
304,1,"撃滅戦車ギガパルド"
304,2,"超撃滅戦車ギガパルド"
304,3,"極撃滅戦車ギガパルド"
305,0,"古代軍船ガレーズ"
305,1,"無敵艦隊シーガレオン"
305,2,"超無敵艦隊シーガレオン"
305,3,"極無敵艦隊シーガレオン"
306,0,"飛空襲撃ボンバーズ"
306,1,"飛行戦艦ボルボンバー"
306,2,"超飛行戦艦ボルボンバー"
306,3,"極飛行戦艦ボルボンバー"
307,0,"ネコジャンパー"
307,1,"ネコボールター"
307,2,"ネコ奥様"
308,0,"ネコバサミ"
308,1,"ネコチェーンソー"
308,2,"草刈りネコ"
309,0,"ネコ博士"
309,1,"ネコ博士＆ネコ"
310,0,"ネコナースキャンドル"
310,1,"ネコナースマリア"
310,2,"ネコナースサンタマリア"
311,0,"ちびネコフィッシュ"
311,1,"ちびネコクジラ"
311,2,"ちびネコ島"
312,0,"ちびネコトカゲ"
312,1,"ちびネコドラゴン"
312,2,"ちびネコキングドラゴン"
313,0,"ちび巨神ネコ"
313,1,"ちびネコダラボッチ"
313,2,"ちびネコジャラミ"
314,0,"大掃除ねねこ"
314,1,"初詣ねねこ"
314,2,"新春・初詣ねねこ"
315,0,"ピコ太郎"
315,1,"ネコ太郎"
316,0,"海王神ポセイドン"
316,1,"ポセイドラグーン"
316,2,"Gポセイドラグーン"
317,0,"CPAC"
317,1,"PPAP"
318,0,"巫女姫ミタマ"
318,1,"白無垢のミタマ"
319,0,"殺意のネコ"
319,1,"真・殺意のネコ"
319,2,"改心のネコ"
320,0,"321_1"
320,1,"321_2"
320,2,"321_3"
321,0,"ナゾウサギ"
321,1,"兎宮王道"
322,0,"さるかに合戦"
322,1,"爆音楽奏サルカニヘヴン"
322,2,"超音楽奏サルカニフェス"
323,0,"宮木武蔵"
323,1,"主演 宮木武蔵"
323,2,"覚醒 宮木武蔵"
324,0,"ネコストーン"
324,1,"ネコクリーナー"
324,2,"ネコカメカー"
325,0,"ネコボクサー"
325,1,"ネコチャンピオン"
325,2,"ネコリベンジ"
326,0,"メビウス"
326,1,"奇跡の調和メビウス"
327,0,"ベリアル"
327,1,"猛進の大逆者ベリアル"
328,0,"ハッピー100"
328,1,"幸せ連鎖子ハッピー100"
329,0,"ネコエッグ"
329,1,"ネコエッグ２"
329,2,"ネコエッグ３"
330,0,"上杉謙信・春"
330,1,"上杉謙信・春爛漫"
330,2,"上杉謙信・春うらら"
331,0,"道化師エッグダック"
331,1,"闇道化サイコダック"
331,2,"極悪道化マッドダック"
332,0,"イースターねねこ"
332,1,"イースターバニーねねこ"
332,2,"開花・イースターバニーねねこ"
333,0,"黒獣ガオウ"
333,1,"皇獣ガオウダーク"
334,0,"狐娘ヒメユリ"
334,1,"九尾の狐姫ヒメユリ"
334,2,"豊穣の狐姫ヒメユリ"
335,0,"人魚娘ルリィ"
335,1,"宝玉の人魚姫ルリィ"
335,2,"竜宮の人魚姫ルリィ"
336,0,"ミイラ娘レイカ"
336,1,"玉座のミイラ姫レイカ"
336,2,"黄金のミイラ姫レイカ"
337,0,"プリンセスケリ姫号"
337,1,"プリンセスケリ姫号CC"
337,2,"プレミアムケリ姫号CC"
338,0,"今川義元"
338,1,"武神・今川義元"
338,2,"燐火の武神・今川義元"
339,0,"340_1"
340,0,"赤髪のゆきにゃん"
340,1,"赤髪のビューティゆきにゃん"
340,2,"赤髪のビューティムキにゃん"
341,0,"失われし世界のユキ"
341,1,"失われし世界のユキ＆ネコ"
341,2,"失われし世界のネコ耳ユキ"
342,0,"ネコまねき"
342,1,"ネコまねき・寿"
343,0,"なめネコ"
343,1,"ネコなめ"
344,0,"オルトス"
344,1,"オルトスCC"
344,2,"彩色のオルトスCC"
345,0,"ミシェリア"
345,1,"ミシェリアCC"
345,2,"午睡のミシェリアCC"
346,0,"とどめき"
346,1,"とどめきCC"
347,0,"ぐでたまにゃんこ"
347,1,"ぐでオムにゃんこ"
347,2,"ぐでベネにゃんこ"
348,0,"ぐでたまプレート"
348,1,"ぐでたまベーコンプレート"
349,0,"ぐでぐでプリン"
349,1,"ぐでぐでアラモード"
350,0,"ニセたま軍団"
350,1,"ネコニセたま軍団"
351,0,"双掌星のシシル＆コマリ"
351,1,"双掌星のシシル＆コマリΦ"
351,2,"双輝星のシシル＆コマリΦ"
352,0,"ネコ仙人"
352,1,"ネコ老師"
352,2,"仮面のネコ仙人"
353,0,"チョコレート"
353,1,"チョコレート進化"
353,2,"354_3"
354,0,"常夏の果実カイ"
354,1,"常夏の果実カイμ"
355,0,"観測兵器ガリレオ"
355,1,"時空基地アルマゲドン"
355,2,"超時空基地アルマゲドン"
356,0,"ノラ"
356,1,"覚醒ノラ"
357,0,"狼娘ディル"
357,1,"虚飾の狼姫ディル"
357,2,"道化の狼姫ディル"
358,0,"ゾンビ娘ヴェルヴェーヌ"
358,1,"死霊の花嫁ヴェルヴェーヌ"
358,2,"満腹の花嫁ヴェルヴェーヌ"
359,0,"火の精霊メララ"
359,1,"火炎の精霊メラバーン"
359,2,"火炎の精霊王メラバーニング"
359,3,"火炎の大精霊メラフェニックス"
360,0,"水の精霊ミズリィ"
360,1,"流水の精霊ミズマリン"
360,2,"流水の精霊王ミズマリリン"
360,3,"流水の大精霊ミズマリナーデ"
361,0,"風の精霊エアル"
361,1,"嵐の精霊エアフワン"
361,2,"嵐の精霊王エアフワンテ"
361,3,"嵐の大精霊エアフワンティ"
362,0,"セイバー"
362,1,"セイバーCC"
362,2,"セイバーオルタCC"
363,0,"遠坂 凛"
363,1,"遠坂 凛CC"
364,0,"イリヤスフィール"
364,1,"イリヤスフィールCC"
365,0,"アーチャー"
365,1,"アーチャーCC"
366,0,"ランサー"
366,1,"ランサーCC"
367,0,"ライダー"
367,1,"ライダーCC"
368,0,"ギルガメッシュ"
368,1,"ギルガメッシュCC"
369,0,"ネコセイバー"
369,1,"英霊ネコセイバー"
369,2,"ネコセイバーオルタ"
370,0,"ネコ桜"
370,1,"エプロンネコ桜"
370,2,"夢見るネコ桜"
371,0,"ネコ凛"
371,1,"魔術師ネコ凛"
372,0,"ネコイリヤ"
372,1,"雪の妖精ネコイリヤ"
373,0,"ちび士郎"
373,1,"ちび士郎CC"
374,0,"ちび桜"
374,1,"ちび桜CC"
375,0,"記念ネコ"
375,1,"記念ネコビルダー"
376,0,"ネコ探査機"
376,1,"ネコサーチMkⅡ"
376,2,"ネコサテライト"
377,0,"ネコフェンシング"
377,1,"ネコ剣道"
377,2,"自由のネコ"
378,0,"黒無垢のミタマ"
378,1,"黒蝶のミタマダーク"
379,0,"ネコバレー"
379,1,"ネコバレエ"
379,2,"ネコカレー"
380,0,"幼傑ダルターニャ"
380,1,"英傑ダルターニャ"
381,0,"ねこ農家"
381,1,"ねこカブ農家"
382,0,"ガラスネコ"
382,1,"ガラスネコビルダー"
382,2,"クリスタルネコビルダー"
383,0,"謎仮面のウララー"
383,1,"ネコ仮面のウララー"
383,2,"ネコ神面のウララー"
384,0,"氷上聡里＆ネコ"
384,1,"氷上聡里＆ネコCC"
385,0,"矢部明雄"
385,1,"矢部明雄CC"
385,2,"矢部＆ガンダーロボCC"
386,0,"虹谷彩理"
386,1,"虹谷彩理CC"
387,0,"紺野美崎"
387,1,"紺野美崎CC"
388,0,"片桐恋"
388,1,"片桐恋CC"
389,0,"猫塚かりん"
389,1,"猫塚かりんCC"
390,0,"早川あおい"
390,1,"早川あおいCC"
390,2,"野球マン１号CC"
391,0,"橘みずき"
391,1,"橘みずきCC"
391,2,"野球マン２号CC"
392,0,"六道聖"
392,1,"六道聖CC"
392,2,"野球マン３号CC"
393,0,"新島早紀"
393,1,"新島早紀CC"
393,2,"サンバ新島早紀CC"
394,0,"星井スバル"
394,1,"星井スバルCC"
394,2,"暗黒スバルCC"
395,0,"小山雅"
395,1,"小山雅CC"
395,2,"野球マン５号CC"
396,0,"古龍ガングリオン"
396,1,"古龍王ガングリオン"
396,2,"古龍皇帝ガングリオン"
397,0,"風隼さくら"
397,1,"JK風隼さくら"
397,2,"天誅・風隼さくら"
397,3,"天誅Z・風隼さくら"
398,0,"ハニトンくん"
398,1,"ハニトンくん＆にゃんこ"
399,0,"めんトリ"
399,1,"めんトリCC"
400,0,"イモウト"
400,1,"イモウトCC"
401,0,"雷の精霊ボルト"
401,1,"天雷の精霊ピカボルト"
401,2,"天雷の精霊王ギガボルト"
402,0,"ちびシンジ"
402,1,"プラグスーツのちびシンジ"
402,2,"黒プラグスーツのちびシンジ"
403,0,"ネコゲンドウ＆ネコ冬月"
403,1,"月のネコゲンドウ＆ネコ冬月"
404,0,"ネコキリン初号機"
404,1,"ネコキリン２号機"
405,0,"ちびカヲル"
405,1,"プラグスーツのちびカヲル"
405,2,"月の少年ちびカヲル"
406,0,"ネコレイ"
406,1,"ネコアヤナミレイ（仮称）"
407,0,"ネコアスカ"
407,1,"エプロンネコアスカ"
408,0,"ネコマリ"
408,1,"極秘入国ネコマリ"
409,0,"ちびレイ"
409,1,"プラグスーツのちびレイ"
409,2,"再会のちびレイ"
410,0,"ちびアスカ"
410,1,"プラグスーツのちびアスカ"
410,2,"眼帯のちびアスカ"
411,0,"ちびマリ"
411,1,"プラグスーツのちびマリ"
412,0,"エヴァ零号機"
412,1,"エヴァ零号機＆ネコ"
413,0,"エヴァ初号機"
413,1,"エヴァ初号機＆ネコ"
413,2,"決意のエヴァ初号機＆ネコ"
414,0,"エヴァ２号機"
414,1,"エヴァ２号機＆ネコ"
414,2,"エヴァ改２号機コード７７７"
415,0,"ネコシンジ"
415,1,"ネコトウジ＆ネコケンスケ"
416,0,"ゼロムーンオペレーターズ"
416,1,"ファーストムーンネルフ"
417,0,"温泉天国テルマエ"
417,1,"地底戦隊グランドン"
417,2,"超地底戦隊グランドン"
417,3,"極地底戦隊グランドン"
418,0,"狂乱のもねこ"
418,1,"狂乱のスターもねこ"
419,0,"ポコタ"
419,1,"ポコタＣＣ"
420,0,"オビス"
420,1,"オビスＣＣ"
421,0,"ココ"
421,1,"ココＣＣ"
422,0,"太秦萌＆ネコ"
422,1,"太秦萌＆ネコＣＣ"
423,0,"松賀咲＆ネコ"
423,1,"松賀咲＆ネコＣＣ"
424,0,"小野ミサ＆ネコ"
424,1,"小野ミサ＆ネコＣＣ"
425,0,"太秦麗＆ネコ"
425,1,"太秦麗＆ネコＣＣ"
426,0,"ぶんぶんネコライダー"
426,1,"ぶんぶんロボライダー"
426,2,"ぶんぶんネコライダーL"
427,0,"ネコクエスト"
427,1,"ネコクエストXI"
427,2,"ネコクエストXI-2"
427,3,"ネコクエストヘブン"
428,0,"そうまにゃん"
428,1,"スマートそうまにゃん"
429,0,"オタネコギーク"
429,1,"ギークネコハッカー"
430,0,"ぐでネコマシン"
430,1,"ぐでネコマシン・卵"
431,0,"亡者探偵ヴィグラー"
431,1,"魔界探偵グラヴィー"
431,2,"魔神探偵グラヴィティー"
431,3,"聖魔探偵ゼログラヴィティー"
432,0,"433_1"
432,1,"433_2"
432,2,"433_3"
433,0,"434_1"
433,1,"434_2"
433,2,"434_3"
434,0,"白にゃんこ剣士"
434,1,"黒にゃんこ剣士"
435,0,"ちびネコヴァルキリー"
435,1,"ちびネコヴァルキリー・華"
436,0,"ノビルガ"
436,1,"ノビランパサラン"
436,2,"ノビランターバン"
437,0,"激・神さま"
437,1,"超・神さま"
437,2,"超・神さまゴールデン"
438,0,"灼熱のビーチクウ"
438,1,"灼熱のビーチクウγ"
439,0,"時空神クロノス"
439,1,"クロノストリガー"
439,2,"Gクロノストリガー"
440,0,"ベベ"
440,1,"なぎさ＆ネコ"
440,2,"円環の理の使者なぎさ"
441,0,"影傑ダークダルターニャ"
441,1,"黒傑ダークダルターニャ"
442,0,"子連れにゃんこ"
442,1,"ネコワゴンサービス"
442,2,"ネコバケーション"
443,0,"戦隊ドリラ"
443,1,"戦隊パワードリラ"
443,2,"シン・パワードリラ"
444,0,"戦隊ウチコンガ"
444,1,"戦隊パワーウチコンガ"
444,2,"シン・パワーウチコンガ"
445,0,"戦隊チョキンドス"
445,1,"戦隊パワーチョキンドス"
445,2,"シン・パワーチョキンドス"
446,0,"戦隊ショベリン"
446,1,"戦隊パワーショベリン"
446,2,"シン・パワーショベリン"
447,0,"戦隊チャッソ"
447,1,"戦隊パワーチャッソ"
447,2,"シン・パワーチャッソ"
448,0,"宮本武蔵"
448,1,"剣神・宮本武蔵"
448,2,"無双の剣神・宮本武蔵"
449,0,"聖会長ジャンヌダルク"
449,1,"聖会長ジャンヌダルクψ"
449,2,"神聖会長ジャンヌダルクψ"
450,0,"天城龍バベル"
450,1,"魔城龍バベル"
450,2,"天魔城龍バベル"
451,0,"うしわか丸"
451,1,"巨大神兵ベンケイ"
452,0,"古代ネコ"
452,1,"現代ネコ"
452,2,"未来ネコ"
453,0,"きたろう"
453,1,"ゲゲゲの鬼太郎"
454,0,"目玉おやじ"
454,1,"入浴おやじ"
455,0,"ワンダー・モモコ"
455,1,"キューティー・モモコ"
456,0,"間桐 桜"
456,1,"間桐 桜CC"
456,2,"黒桜CC"
457,0,"ネコ士郎"
457,1,"魔術師見習いネコ士郎"
458,0,"アーチャーネコ"
458,1,"英霊アーチャーネコ"
459,0,"ネコライダー"
459,1,"英霊ネコライダー"
460,0,"ネコ言峰＆ネコギルガメッシュ"
460,1,"ネコギルガメッシュ＆ネコ言峰"
461,0,"レジェルガ"
461,1,"レジェランパサラン"
462,0,"フィリバスターX"
462,1,"フィリバスターY"
462,2,"メタフィリバスター"
463,0,"終末兵器ムー"
463,1,"極秘研究機関パンドラ"
464,0,"土偶戦士ドグ丸"
464,1,"土偶戦士ドグえもん"
464,2,"覚醒戦士ドグえもん"
465,0,"majimeow（仮）"
465,1,"majimeow（仮）進化"
466,0,"ブラックゼウス"
466,1,"闇次神子ブラックゼウス"
467,0,"スーパーゼウス"
467,1,"全能神スーパーゼウス"
467,2,"スーパーSゼウス"
468,0,"聖フェニックス"
468,1,"聖戦衣化聖フェニックス"
468,2,"ヘッドロココ"
469,0,"スーパーデビル"
469,1,"偽神スーパーデビル"
469,2,"スーパーDデビル"
470,0,"サタンマリア"
470,1,"ワンダーマリア"
471,0,"ヘラクライスト"
471,1,"完璧ヘラクライスト"
471,2,"ブラックライスト"
472,0,"ネロ魔身"
472,1,"魔肖ネロ"
472,2,"デカネロン"
473,0,"ヤマト王子"
473,1,"ヤマト神帝"
473,2,"ヤマト爆神"
474,0,"十字架天使"
474,1,"クロスエンジェル"
474,2,"ストライク天使"
475,0,"ネコ若神子"
475,1,"ネコ神帝"
476,0,"ネコデビル"
476,1,"ネコ邪神"
477,0,"ネコの助"
477,1,"ネコ老守"
478,0,"幻の精霊ルミナ"
478,1,"夢幻の精霊ルミナリア"
479,0,"グミネコ"
479,1,"ラッキーネコ"
479,2,"グミネコソーダ"
480,0,"ねこ娘"
480,1,"ネコねこ娘"
481,0,"超越科学者ヘヴン博士"
481,1,"時空科学者アビス博士"
482,0,"幸せを願った少年ソウマ"
482,1,"幸せを願った少年ソウマ＆ネコ"
482,2,"幸せを願ったネコ耳ソウマ"
483,0,"カノとソウマ"
483,1,"カノとソウマとネコ"
484,0,"黒ちびネコヴァルキリー"
484,1,"黒ちびネコヴァルキリー・紅"
485,0,"カレット"
485,1,"カレットCC"
486,0,"ひな"
486,1,"剣士ひな"
487,0,"エヴァ８号機"
487,1,"エヴァ８号機＆ネコ"
488,0,"空中艦艇ネコヴンダー"
488,1,"希望の船NNNネコヴンダー"
488,2,"神殺しの船NNNネコヴンダー"
489,0,"ちびミサト"
489,1,"ヴンダー艦長のちびミサト"
490,0,"ちびリツコ"
490,1,"ヴンダー副長のちびリツコ"
491,0,"ちびアヤナミレイ(仮称)"
491,1,"目覚めのちびアヤナミ"
492,0,"493_1"
492,1,"493_2"
492,2,"493_3"
493,0,"創造神ガイア"
493,1,"ゴッドガイア"
494,0,"潮風のセーラーカッパー"
494,1,"潮風のセーラーカッパーκ"
495,0,"ネコマタドール"
495,1,"ネコフラメンコ"
495,2,"ネコエキゾチック"
496,0,"成田甲斐"
496,1,"武神・成田甲斐"
496,2,"豪炎姫の武神・成田甲斐"
496,3,"煉獄無双・成田甲斐"
497,0,"498_1"
497,1,"498_2"
497,2,"498_3"
498,0,"499_1"
498,1,"499_2"
498,2,"499_3"
499,0,"500_1"
499,1,"500_2"
499,2,"500_3"
500,0,"501_1"
500,1,"501_2"
500,2,"501_3"
501,0,"ネコ兄弟S"
501,1,"ネコバカ兄弟S"
502,0,"英雄令嬢メルシュ"
502,1,"英雄令嬢メルシュξ"
502,2,"絢爛令嬢メルシュξ"
503,0,"ネコ２Ｄ"
503,1,"ネコ３Ｄ"
504,0,"おやじネコ(店主)"
504,1,"おやじネコ(現役)"
505,0,"角龍グラディオス"
505,1,"角龍王グラディオス"
505,2,"角龍皇帝グラディオス"
506,0,"アイウォルツ"
506,1,"アイウォルツCC"
506,2,"無名のアイウォルツCC"
507,0,"スーパーにゃん"
507,1,"ジャイにゃん"
507,2,"アイアンにゃん"
508,0,"ネコリュウ"
508,1,"ネコリュウCC"
509,0,"ネコ春麗"
509,1,"ネコ春麗CC"
510,0,"豪鬼"
510,1,"豪鬼CC"
511,0,"リュウ"
511,1,"リュウCC"
511,2,"影ナル者"
512,0,"春麗"
512,1,"春麗CC"
513,0,"ガイル"
513,1,"ガイルCC"
514,0,"ザンギエフ"
514,1,"ザンギエフCC"
515,0,"ブランカ"
515,1,"ブランカCC"
516,0,"ダルシム"
516,1,"ダルシムCC"
517,0,"ケン"
517,1,"ケンCC"
517,2,"紅蓮の格闘王ケン"
518,0,"ゴウキリン"
518,1,"ゴウキライオン"
519,0,"ラスヴォース"
519,1,"ファイナルラスヴォース"
519,2,"シン・ラスヴォース"
520,0,"ネコ七福神"
520,1,"ネコ七福邪神"
521,0,"ネコメデューサ"
521,1,"ネコツインテール"
521,2,"ネコナーガ"
522,0,"泉のネコ女神"
522,1,"ネコメダリスト"
522,2,"ネコ魔神"
523,0,"ネコ武闘家"
523,1,"ネコ師範"
523,2,"ネコマスター"
524,0,"ソラカラちゃん"
524,1,"ソラカラちゃん＆ネコ"
525,0,"きんたろう"
525,1,"猛銃戦隊キンレンジャー"
525,2,"超銃戦隊キンレンジャー"
526,0,"冬天使のシシル＆コマリ"
526,1,"冬天使のシシル＆コマリΦ"
527,0,"ネコスライム"
527,1,"ネコゼリーフィッシュ"
527,2,"ネコゼリーまんじゅう"
528,0,"ネコサック"
528,1,"ネコウォッカ"
528,2,"ネコ近衛兵"
529,0,"厄災の子キャスリィ"
529,1,"祝祭の聖女キャスリィ"
530,0,"エルメ"
530,1,"エルメCC"
531,0,"ネコックマ"
531,1,"ネコブラックマ"
531,2,"ネコックマンケン"
532,0,"フェンリルとウルス"
532,1,"ミケとウルス"
532,2,"覚醒のミケとウルス"
533,0,"マッドシューター・サキ"
533,1,"ナイトバスター・サキ"
533,2,"バッドブラスター・サキ"
534,0,"冥界神ハデス"
534,1,"デスハーデス"
534,2,"Gデスハーデス"
535,0,"初音ミク"
535,1,"初音ミクCC"
536,0,"桜ミク"
536,1,"桜ミクCC"
537,0,"鏡音リン＆レン"
537,1,"鏡音リン＆レンCC"
538,0,"ネコミク"
538,1,"ネコミクCC"
539,0,"ラガーにゃん"
539,1,"ニャメフト"
539,2,"ニャッハー"
540,0,"ネコU.F.O."
540,1,"ネコ焼そばU.F.O."
541,0,"ネコヤキソバン"
541,1,"うまい!太い!大きい!ネコ"
542,0,"ネコ少年"
542,1,"ネコ学生"
543,0,"禍根の魔女キャスリィ"
543,1,"漆黒の魔女ダークキャスリィ"
544,0,"京坂七穂"
544,1,"京坂七穂・真"
545,0,"ネコファントム"
545,1,"ケムリネコ"
545,2,"ネコバブル"
546,0,"オイルガ"
546,1,"オイランパサラン"
546,2,"スケランカクラン"
547,0,"白夜姫のレイ"
547,1,"白天姫のレイ"
548,0,"第４の使徒"
548,1,"第４のネコ使徒"
549,0,"第６の使徒"
549,1,"第６のネコ使徒"
550,0,"第１０の使徒"
550,1,"第１０のネコ使徒"
551,0,"第９の使徒"
551,1,"第９のネコ使徒"
552,0,"ネコカヲル"
552,1,"月面のネコカヲル"
553,0,"ネコベーカリー"
553,1,"ネコブーメラン"
553,2,"ネコフライングチキン"
554,0,"達人ウリル"
554,1,"ネコ仮面のウリル"
554,2,"ネコ神面のウリル"
555,0,"シャーマンカーン"
555,1,"全情神シャーマンカーン"
556,0,"騎神アリババ"
556,1,"アリババ神帝"
556,2,"ゴーストアリババ"
557,0,"天子男ジャック"
557,1,"神帝男ジャック"
558,0,"レアガチャネコ"
558,1,"福引ガチャネコ"
559,0,"地獄警官エマ"
559,1,"地獄軍曹エマ"
559,2,"閻魔総長エマ"
560,0,"巡音ルカ"
560,1,"巡音ルカCC"
561,0,"MEIKO＆ネコ"
561,1,"MEIKO＆ネコCC"
562,0,"ネコルカ"
562,1,"ネコルカCC"
563,0,"アクアシューター・サキ"
563,1,"アクアバスター・サキ"
563,2,"アクアブラスター・サキ"
564,0,"ネコルガの夏"
564,1,"ミワクノパサラン"
564,2,"ファビュラスパサラン"
565,0,"日焼けネコ"
565,1,"日焼けネコビルダー"
565,2,"日焼けネコパーマ"
566,0,"救命にゃんこ"
566,1,"ダンゴにゃん兄弟"
566,2,"ネコジェラート"
567,0,"チビクロプスネコタマゴ"
567,1,"チビクロプスネコ"
567,2,"雷電のチビクロプスネコ"
568,0,"イディ:N"
568,1,"イディ:N2"
568,2,"イディ:NX"
569,0,"石の精霊ゴロー"
569,1,"岩石の精霊イワゴロー"
569,2,"岩石の精霊王ダイゴロー"
570,0,"竜騎士スカルバルス"
570,1,"ナイトメアバルス"
570,2,"ハロウィンナイトバルス"
571,0,"エドモンド本田"
571,1,"エドモンド本田CC"
572,0,"バイソン"
572,1,"バイソンCC"
573,0,"バルログ"
573,1,"バルログCC"
574,0,"サガット"
574,1,"サガットCC"
575,0,"ベガ"
575,1,"ベガCC"
576,0,"ネコモンド本田"
576,1,"ネコモンド本田CC"
577,0,"ネコバイソン"
577,1,"ネコバイソンCC"
578,0,"ネコバルログ"
578,1,"ネコバルログCC"
579,0,"ネコサガット"
579,1,"ネコサガットCC"
580,0,"ネコベガ"
580,1,"ネコベガCC"
581,0,"ごろにゃん"
581,1,"ごろにゃーん"
582,0,"初音ミク マジカルミライ2020大阪"
582,1,"初音ミクCC マジカルミライ2020大阪"
583,0,"初音ミク マジカルミライ2020東京"
583,1,"初音ミクCC マジカルミライ2020東京"
584,0,"前田サンタ慶次"
584,1,"前田クリス慶次"
584,2,"前田クリス慶次DX"
585,0,"幼獣ガル"
585,1,"帝獣ガルディアン"
586,0,"ネコ王子"
586,1,"ネコ国王"
587,0,"恋女神ショコラディーテ"
587,1,"メガショコラディーテ"
588,0,"初恋令嬢メルシュ"
588,1,"初恋令嬢メルシュξ"
589,0,"バレンタインねねこ"
589,1,"バレンタインチョコねねこ"
589,2,"本命・バレンタインねねこ"
590,0,"雪ミク 2021"
590,1,"雪ミクCC 2021"
591,0,"KAITO＆ネコ"
591,1,"KAITO＆ネコCC"
592,0,"ネコリン"
592,1,"ネコリンCC"
593,0,"ネコレン"
593,1,"ネコレンCC"
594,0,"空中商会コロンブス"
594,1,"輸送兵団アトランチス"
594,2,"超輸送兵団アトランチス"
595,0,"春龍かむくら"
595,1,"神春龍かむくら"
595,2,"神春龍王かむくら"
596,0,"早乙女乱馬(男)"
596,1,"早乙女らんま(女)"
597,0,"天道あかね"
597,1,"天道あかね(道着)"
598,0,"響良牙(ブタ)"
598,1,"響良牙"
599,0,"シャンプー(猫)"
599,1,"シャンプー"
600,0,"ムース(アヒル)"
600,1,"ムース"
601,0,"八宝斉"
601,1,"八宝斉(エロじじい)"
602,0,"久遠寺右京(男装)"
602,1,"久遠寺右京"
603,0,"九能帯刀(道着)"
603,1,"九能帯刀"
604,0,"ネコ乱馬(男)"
604,1,"ネコらんま(女)"
605,0,"ネコあかね"
605,1,"ネコあかね(道着)"
606,0,"ネコパンダ"
606,1,"ネコ玄馬"
607,0,"冒険家カンナ"
607,1,"大冒険少女カンナ"
607,2,"伝説の冒険少女カンナ"
608,0,"ネコウエハース"
608,1,"ネコウエハースBIG"
609,0,"黒獣ガルディアン"
609,1,"帝獣ダークガルディアン"
610,0,"金塊ネコ"
610,1,"キングネコインゴット"
610,2,"キングネコカーメン"
611,0,"ネコゴジラ"
611,1,"シン・ネコゴジラ"
612,0,"ネコ王女"
612,1,"ネコ女王"
613,0,"古神面ドロン"
613,1,"ネコ神面ドロン"
613,2,"覚醒ネコ神面ドロン"
614,0,"渚のかぐやひめ"
614,1,"南国衛星サンシャイン"
614,2,"南国衛星スーパーシャイン"
615,0,"カブトネコ"
615,1,"ゴールデンオオカブトネコ"
616,0,"クワガタネコ"
616,1,"キングクワガタネコ"
617,0,"召喚少年サトル"
617,1,"悪魔召喚サトル"
617,2,"デビルハンターサトル"
618,0,"天草四郎"
618,1,"魔神・天草四郎"
618,2,"怨嗟の魔神・天草四郎"
619,0,"妖賢女リリン"
619,1,"妖賢女リリンπ"
619,2,"大賢女リリンπ"
620,0,"邪龍ヘヴィジャーク"
620,1,"邪龍王ヘヴィジャーク"
620,2,"邪龍皇帝ヘヴィジャーク"
621,0,"悪魔研究家"
621,1,"邪悪な悪魔研究家"
621,2,"にゃんこ研究家"
622,0,"ジャガンドーJr"
622,1,"破壊神ジャガンドーJr"
623,0,"ネコハーメルン"
623,1,"虚無僧ネコ"
623,2,"ネコブラスバンド"
624,0,"熱血硬派くにおくん"
624,1,"ドッジボール部くにおくん"
625,0,"オコルガ"
625,1,"オコランパサラン"
625,2,"ゲキオコパサラン"
626,0,"ネコキリンモドキ"
626,1,"駿馬ネコキリンモドキ"
627,0,"ネコノトリッキー"
627,1,"天馬ネコノトリッキー"
628,0,"ネコノドラゴーン"
628,1,"名馬ネコノドラゴーン"
629,0,"洗脳されしネコ"
629,1,"洗脳されしネコビルダー"
629,2,"洗脳されしネコモヒカン"
630,0,"ネコ書道"
630,1,"ネコ茶道"
631,0,"闇の精霊ヤミィ"
631,1,"暗黒の精霊ヤミノワール"
631,2,"暗黒の精霊王ヤミノワールド"
632,0,"超竜戦機デス・トロイ"
632,1,"電磁戦機ディア・ボロス"
632,2,"超電磁戦機ディア・ボロス"
633,0,"舌切りすずめ"
633,1,"妖怪結社チュンチュン"
633,2,"大妖怪結社チュンチュン"
634,0,"白騎士キュクロプス"
634,1,"黒騎士キュクロプス"
634,2,"神魔騎士キュクロプス"
635,0,"100万ドルのネコ"
635,1,"1億ドルのネコ"
636,0,"洗脳されしタンクネコ"
636,1,"洗脳されしネコカベ"
636,2,"洗脳されしゴムネコ"
637,0,"シャオチョン＆ネコ"
637,1,"シャオチョン＆ネコCC"
638,0,"ナナ＆ネコ"
638,1,"ナナ＆ネコCC"
639,0,"エミリア＆ネコ"
639,1,"エミリア＆ネコCC"
640,0,"ジェアー＆ネコ"
640,1,"ジェアー＆ネコCC"
641,0,"踊り子イズ"
641,1,"魅惑の舞姫イズ"
642,0,"堕天神ルシファー"
642,1,"グランドルシファー"
642,2,"Gグランドルシファー"
643,0,"ネコ超人"
643,1,"ネコ超人Ⅱ"
643,2,"真ネコ超人"
644,0,"白い恋人メカ子"
644,1,"ビタースイートメカ子"
644,2,"LOVEミントメカ子"
645,0,"洗脳されしバトルネコ"
645,1,"洗脳されし勇者ネコ"
645,2,"洗脳されし暗黒ネコ"
646,0,"爆竹ネコ"
646,1,"爆竹ネコビルダー"
647,0,"狩猟娘テルン"
647,1,"狩猟娘テルンζ"
647,2,"大狩猟娘テルンζ"
648,0,"恋番長・鬼にゃんま"
648,1,"恋愛番長・鬼神にゃんま"
649,0,"服部半蔵"
649,1,"忍神・服部半蔵"
649,2,"絶影の忍神・服部半蔵"
650,0,"幼馴染にゃん子"
650,1,"彼女にゃん子"
651,0,"おてんばネコライオン"
651,1,"鉄仮面ネコライオン"
652,0,"ネコクバンケシ"
652,1,"ネコクバンチョウ"
653,0,"古獣ナーラ"
653,1,"雷古獣ナーラ"
653,2,"覚醒古獣ナーラ"
654,0,"洗脳されしキモネコ"
654,1,"洗脳されし美脚ネコ"
654,2,"洗脳されしムキあしネコ"
655,0,"氷の精霊フリズ"
655,1,"氷結の精霊ブリザーナ"
655,2,"氷結の精霊王ブリザレーナ"
656,0,"古びたタマゴ:N001"
656,1,"謎のタマゴ:N001"
656,2,"ネコはにわ"
657,0,"悲嘆の踊り子イズ"
657,1,"哀悼の舞姫ダークイズ"
658,0,"古びたタマゴ:N101"
658,1,"赤いタマゴ:N101"
658,2,"飛脚ネコ"
659,0,"古びたタマゴ:N102"
659,1,"青いタマゴ:N102"
659,2,"ネコターさん"
660,0,"海龍ダライアサン"
660,1,"海龍王ダライアサン"
660,2,"海龍皇帝ダライアサン"
661,0,"祝福神クロノス"
661,1,"ウェディングクロノス"
662,0,"洗脳されしウシネコ"
662,1,"洗脳されしネコキリン"
662,2,"洗脳されしネコライオン"
663,0,"古びたタマゴ:N103"
663,1,"黒いタマゴ:N103"
663,2,"ネコガスマスク"
664,0,"古びたタマゴ:N104"
664,1,"緑のタマゴ:N104"
664,2,"ネコオペ"
665,0,"古びたタマゴ:N201"
665,1,"悪のタマゴ:N201"
665,2,"ネコソシスト"
666,0,"ナイトビーチリリン"
666,1,"ナイトビーチリリンπ"
667,0,"洗脳されしネコノトリ"
667,1,"洗脳されしネコUFO"
667,2,"洗脳されし天空のネコ"
668,0,"ネコ天狗"
668,1,"大妖怪ネコ天狗"
668,2,"大神仙ネコ天狗"
669,0,"古びたタマゴ:N003"
669,1,"悪のタマゴ:N003"
669,2,"ネコサボテン"
670,0,"古びたタマゴ:N202"
670,1,"赤いタマゴ:N202"
670,2,"アーマードホタルネコ"
671,0,"早乙女らんま(レオタード)"
671,1,"早乙女らんま(チアガール)"
672,0,"早乙女玄馬(パンダ)"
672,1,"早乙女玄馬"
673,0,"ネコチーター"
674,0,"周遊芸団カルーセルズ"
674,1,"奇襲怪光エンヴァンズ"
674,2,"超奇襲怪光エンヴァンズ"
675,0,"古びたタマゴ:N105"
675,1,"青いタマゴ:N105"
675,2,"ネコスマッシュ"
676,0,"古びたタマゴ:N106"
676,1,"黄色いタマゴ:N106"
676,2,"ネコキノコ"
677,0,"三雲修＆ネコ"
677,1,"三雲修＆ネコCC"
678,0,"空閑遊真＆ネコ"
678,1,"空閑遊真＆ネコCC"
679,0,"雨取千佳＆ネコ"
679,1,"雨取千佳＆ネコCC"
680,0,"さくら"
680,1,"さくらCC"
681,0,"ルーク"
681,1,"ルークCC"
682,0,"女神ベガ"
682,1,"幻影の加護女神ベガ"
682,2,"虚影の加護女神ベガ"
683,0,"伯爵・真田幸村"
683,1,"吸血鬼・真田幸村"
683,2,"吸血鬼公爵・真田幸村"
684,0,"洗脳されしネコフィッシュ"
684,1,"洗脳されしネコクジラ"
684,2,"洗脳されしネコ島"
685,0,"古びたタマゴ:N004"
685,1,"謎のタマゴ:N004"
685,2,"ネコスーパーカー"
686,0,"光の女神シリウス"
686,1,"来光の女神シリウス"
687,0,"トナカイ娘テルン"
687,1,"トナカイ娘テルンζ"
688,0,"洗脳されしネコトカゲ"
688,1,"洗脳されしネコドラゴン"
688,2,"洗脳されしネコキングドラゴン"
689,0,"石の上にも10年ネコ"
689,1,"石の上にも10年ネコ像"
690,0,"運命の子フォノ"
690,1,"天命の王フォノウ"
691,0,"古びたタマゴ:N000"
691,1,"古のタマゴ:N000"
691,2,"猿人ネコルーザ"
692,0,"いっすん法師"
692,1,"鬼襲艇コヅチマル"
692,2,"鬼襲戦艇コヅチマル"
693,0,"白執事探偵ヴィグラー"
693,1,"黒執事探偵グラヴィー"
694,0,"洗脳されし巨神ネコ"
694,1,"洗脳されしネコダラボッチ"
694,2,"洗脳されしネコジャラミ"
695,0,"殺意のタンクネコ"
695,1,"真・殺意のタンクネコ"
696,0,"ネコ委員長"
696,1,"裏ネコ委員長"
697,0,"古びたタマゴ:N107"
697,1,"紫のタマゴ:N107"
697,2,"ネコ村長"
698,0,"サンダージャック"
698,1,"ブラッディージャック"
698,2,"ライトニングジャック"
699,0,"決闘少年ラビットサトル"
699,1,"決闘王者ラビットサトル"
700,0,"古びたタマゴ:N005"
700,1,"謎のタマゴ:N005"
700,2,"ネコヒットマン"
701,0,"にゃんこ仮面ライダー"
701,1,"シン・仮面ライダーにゃんこ"
702,0,"ゴジラにゃんこ"
702,1,"シン・ゴジラにゃんこ"
703,0,"エヴァンゲリオンにゃんこ"
703,1,"シン・エヴァンゲリオンにゃんこ"
704,0,"ウルトラマンにゃんこ"
704,1,"シン・ウルトラマンにゃんこ"
705,0,"非命の王フォノウ"
705,1,"断命の王ダークフォノウ"
706,0,"古びたタマゴ:N108"
706,1,"青いタマゴ:N108"
706,2,"ネコウォッシュ"
707,0,"古びたタマゴ:N109"
707,1,"悪のタマゴ:N109"
707,2,"ネコバレル"
708,0,"ネコジェット"
708,1,"ネコ宮金次郎"
709,0,"隻眼の少女アスカ"
709,1,"碧眼の魔女アスカ"
710,0,"エヴァ第１３号機"
710,1,"エヴァ第１３号機＆ネコ"
711,0,"バララガの誓い"
711,1,"オヨメノパサラン"
712,0,"カオルガ"
712,1,"カオランパサラン"
712,2,"カオランタタラン"
713,0,"古びたタマゴ:N203"
713,1,"紫のタマゴ:N203"
713,2,"ネコピエロ"
714,0,"波打ち際の冒険家カンナ"
714,1,"大海原のダイバーカンナ"
715,0,"建築兵団スフィンクス"
715,1,"突撃部隊コンボーイズ"
715,2,"超突撃部隊コンボーイズ"
716,0,"古びたタマゴ:N111"
716,1,"謎のタマゴ:N111"
716,2,"ネコポリス"
717,0,"古びたタマゴ:N110"
717,1,"黄色いタマゴ:N110"
717,2,"ネコファーマー"
718,0,"ネコもろこし"
718,1,"にゃんコーン"
719,0,"鉄の精霊カッチン"
719,1,"鋼鉄の精霊テツカッチン"
719,2,"鋼鉄の精霊王ガンテツカッチン"
720,0,"古びたタマゴ:N006"
720,1,"悪のタマゴ:N006"
720,2,"ネコアックマ"
721,0,"花園高校番長りき"
721,1,"ドッジボール部りき"
722,0,"初音ミク 16th"
722,1,"初音ミクCC 16th"
723,0,"光翼神イシス"
723,1,"ネフェルイシス"
723,2,"Gネフェルイシス"
724,0,"古びたタマゴ:N112"
724,1,"謎のタマゴ:N112"
724,2,"ネコタマ号"
725,0,"忍者娘トモエ"
725,1,"食道楽忍者トモエ"
725,2,"美食極楽忍者トモエ"
726,0,"ネコメダル王"
726,1,"ネコメダル大王"
727,0,"ソル・デ・ロカ"
727,1,"ソル・デ・ロカCC"
728,0,"論の賢者ソラクティス"
728,1,"論の賢者ネコラティス"
729,0,"730_1"
730,0,"古びたタマゴ:N204"
730,1,"赤いタマゴ:N204"
730,2,"ねこシシマイ"
731,0,"暁のイザナギ"
731,1,"暁光のイザナギ"
732,0,"733_1"
733,0,"鉄籠のペガサ"
733,1,"鉄籠のペガサν"
734,0,"735_1"
735,0,"ネコ校長"
735,1,"ネコセカンドライフ"
736,0,"ネコアイスホワイトスター"
736,1,"ネコアイストップスター"
737,0,"スプリングカリファ"
737,1,"スプリングXカリファ"
738,0,"宵のイザナミ"
738,1,"宵闇のイザナミ"
739,0,"740_1"
740,0,"741-1"
740,1,"741-2"
741,0,"742-1"
741,1,"742-2"
742,0,"743-1"
742,1,"743-2"
743,0,"744-1"
743,1,"744-2"
744,0,"745-1"
744,1,"745-2"
745,0,"746-1"
745,1,"746-2"
746,0,"緋村剣心"
746,1,"緋村剣心CC"
747,0,"相楽左之助"
747,1,"相楽左之助CC"
748,0,"四乃森蒼紫"
748,1,"四乃森蒼紫CC"
749,0,"斎藤一"
749,1,"斎藤一CC"
750,0,"ちび薫"
750,1,"ちび薫CC"
751,0,"ちび弥彦"
751,1,"ちび弥彦CC"
752,0,"ネコ剣心"
752,1,"ネコ抜刀斎"
753,0,"ネコ薫"
753,1,"剣術小町ネコ薫"
754,0,"明智光秀"
754,1,"武神・明智光秀"
755,0,"756_1"
756,0,"ネコケーキマシン挙式"
756,1,"ネコケーキマシン挙式・寿"
757,0,"古びたタマゴ:N205"
757,1,"紫のタマゴ:N205"
757,2,"ネコ花嫁"
758,0,"謎の傭兵トリクシー"
758,1,"復讐の傭兵トリクシー"
759,0,"サマーフェスサンディア"
759,1,"サマーフェスサンディアβ"
760,0,"砲龍ガンドロス"
760,1,"砲龍王ガンドロス"
761,0,"762_1"
762,0,"天空神スーパーゼウス"
762,1,"ギガント全能神スーパーゼウス"
763,0,"ネコダイナザウルス"
763,1,"メカ・ネコダイナザウルス"
764,0,"765_1"
765,0,"古びたタマゴ:N206"
765,1,"赤いタマゴ:N206"
765,2,"ネコホタテ"
766,0,"イワシ"
766,1,"イワシCC"
767,0,"イカ"
767,1,"イカCC"
768,0,"たいてんき"
768,1,"たいてんきCC"
769,0,"花咲かじいさん"
769,1,"暴食怪樹オオザクラ"
770,0,"771-1"
771,0,"生命の賢者Dr.ノーヴァ"
771,1,"生命の賢者ネコノーヴァ"
772,0,"パンプキンソドム"
772,1,"ソドム・オー・ランタン"
773,0,"スモウ・ザ・ミイラ"
773,1,"マミー・ザ・ハロウィン"
774,0,"特命機動アクセル"
774,1,"ダーティー・アクセル"
775,0,"776-1"
776,0,"見習い武者ネコ"
776,1,"武将ネコ"
777,0,"冬将軍・成田甲斐"
777,1,"冬大将軍・成田甲斐"
778,0,"ネコまどか＆ほむら"
778,1,"魔法結社にゃんこ☆マギカ"
779,0,"幼天女ルーナ"
779,1,"救済の天女ルナーシャ"
780,0,"ネコボウラー"
780,1,"ネコドッジボウラー"
781,0,"マモルガ"
781,1,"マモランパサラン"
782,0,"783-1"
783,0,"こねこ"
783,1,"超スターこねこ"
784,0,"チョコサプネコC"
784,1,"チョコサプネコF"
785,0,"殺意のキモネコ"
785,1,"真・殺意のキモネコ"
786,0,"マジシャンキャットマン"
786,1,"イリュージョンキャットマン"
787,0,"冥護の天女ルナーシャ"
787,1,"寂滅の天女ダークルナーシャ"
788,0,"789-1"
788,1,"789-2"
789,0,"範馬刃牙"
789,1,"範馬刃牙CC"
790,0,"烈海王"
790,1,"烈海王CC"
791,0,"花山薫"
791,1,"花山薫CC"
792,0,"愚地克巳"
792,1,"愚地克巳CC"
793,0,"ジャック・ハンマー"
793,1,"ジャック・ハンマーCC"
794,0,"ネコオーガ"
794,1,"ネコの貌"
795,0,"ちび刃牙"
795,1,"ちび刃牙CC"
796,0,"ネコ刃牙"
796,1,"ネコ刃牙CC"
797,0,"ネコ海王"
797,1,"ネコ海王CC"
798,0,"ネコ独歩"
798,1,"ネコ独歩CC"
799,0,"曲射砲台ランチャーズ"
799,1,"迎撃砲隊ガンハウザー"
800,0,"精霊"
801,0,"理の賢者ニュトーン"
801,1,"理の賢者ニャトーン"
802,0,"精霊"
803,0,"ソニック"
803,1,"ソニック＆ネコ"
804,0,"テイルス"
804,1,"テイルス＆ネコ"
805,0,"ナックルズ"
805,1,"ナックルズ＆ネコ"
806,0,"シャドウ"
806,1,"シャドウ＆ネコ"
807,0,"ネコソニック"
807,1,"ネコソニックCC"
808,0,"ネコテイルス"
808,1,"ネコテイルスCC"
809,0,"ネコシャドウ"
809,1,"ネコシャドウCC"
810,0,"エージェント・スタール"
810,1,"エッジマスター・スタール"
811,0,"韋駄天スカンダ"
811,1,"スカンダゼタ"
812,0,"精霊"
813,0,"タスマニアオオガニ"
813,1,"タスマニアオオガニCC"
814,0,"エヴァ量産機"
814,1,"エヴァネコ量産機"
815,0,"月影の少年カヲル"
815,1,"落月のシ者カヲル"
816,0,"精霊"
817,0,"樹の精霊コモリ"
817,1,"樹木の精霊モリリン"
818,0,"精霊"
819,0,"ネコ大工"
819,1,"ネコラッパー"
820,0,"シーサイドペガサ"
820,1,"シーサイドペガサν"
821,0,"精霊"
822,0,"ネココンサルタント"
822,1,"ネコビジネスパートナー"
823,0,"ネコ店長＆ネコ店員"
823,1,"ネコ店長＆ネコ店員CC"
824,0,"魔導師シドミ"
824,1,"炎の大魔導師シドミ"
825,0,"精霊"
826,0,"キャミィ"
826,1,"キャミィCC"
827,0,"ジュリ"
827,1,"ジュリCC"
828,0,"ネコザンギエフ"
828,1,"ネコザンギエフCC"
829,0,"ネコジェイミー"
829,1,"ネコジェイミーCC"
830,0,"獅子番長ラクレス"
830,1,"獅子番長ラクレスΣ"
831,0,"スカーフにゃんこ"
831,1,"レッドにゃんこ"
832,0,"ハットにゃんこ"
832,1,"ブルーにゃんこ"
833,0,"ヘルメットにゃんこ"
833,1,"イエローにゃんこ"
834,0,"ゴーグルにゃんこ"
834,1,"グリーンにゃんこ"
835,0,"リボンにゃんこ"
835,1,"モモにゃんこ"
836,0,"ニャンコオー"
836,1,"超グレートニャンコオーDX"
837,0,"幼騎士ルーノ"
837,1,"満月の騎士ルーノス"
838,0,"精霊"
839,0,"精霊"
840,0,"竈門炭治郎"
840,1,"竈門炭治郎CC"
841,0,"竈門禰󠄀豆子"
841,1,"竈門禰󠄀豆子CC"
842,0,"我妻善逸"
842,1,"我妻善逸CC"
843,0,"嘴平伊之助"
843,1,"嘴平伊之助CC"
844,0,"冨岡義勇"
844,1,"冨岡義勇CC"
845,0,"胡蝶しのぶ"
845,1,"胡蝶しのぶCC"
846,0,"煉󠄁獄杏寿郎"
846,1,"煉󠄁獄杏寿郎CC"
847,0,"ちび鱗滝左近次"
847,1,"ちび鱗滝左近次CC"
848,0,"ネコ炭治郎"
848,1,"ネコ炭治郎CC"
849,0,"ネコ禰󠄀豆子"
849,1,"ネコ禰󠄀豆子CC"
850,0,"風魔小太郎"
850,1,"蛇神・風魔小太郎"
851,0,"ネコ新聞"
851,1,"ネコセール"
852,0,"殺意のウシネコノトリ"
852,1,"真・殺意のウシネコノトリ"
853,0,"オカルトネコ"
853,1,"ギャルネコ"
854,0,"淘の賢者ダーヴィン"
854,1,"淘の賢者ニャーヴィン"
855,0,"精霊"
856,0,"にゃんこ村のネコ"
856,1,"にゃんこ村のネコCC"
857,0,"バリスタにゃんこ"
857,1,"シルバーにゃんこ"
858,0,"司令官にゃんこ"
858,1,"ゴールドにゃんこ"
859,0,"孤月の騎士ルーノス"
859,1,"晦月の騎士ダークルーノス"
860,0,"精霊"
861,0,"嵐竜機ヴォルネード"
861,1,"嵐竜機王ヴォルネード"
862,0,"婚礼・服部半蔵"
862,1,"新郎・服部半蔵"
863,0,"透明にゃんこ"
863,1,"ネコ花婿"
864,0,"衛宮 士郎"
864,1,"衛宮 士郎CC"
865,0,"真アサシン"
865,1,"真アサシンCC"
866,0,"パックマン"
866,1,"パックマンネコ"
867,0,"ネコブリンキー"
867,1,"ネコブリンキーCC"
868,0,"ネコインキー"
868,1,"ネコインキーCC"
869,0,"鉄腕！東雲寺あかね"
869,1,"それいけ！東雲寺あかね"
870,0,"古びたタマゴ:N207"
870,1,"黒いタマゴ:N207"
870,2,"成金ネコ"
