0,unit000.csv,0,ネコ,ネコ
0,unit000.csv,1,ネコ,ネコビルダー
0,unit000.csv,2,ネコ,ネコモヒカン
1,unit001.csv,0,タンクネコ,タンクネコ
1,unit001.csv,1,タンクネコ,ネコカベ
1,unit001.csv,2,タンクネコ,ゴムネコ
2,unit002.csv,0,バトルネコ,バトルネコ
2,unit002.csv,1,バトルネコ,勇者ネコ
2,unit002.csv,2,バトルネコ,暗黒ネコ
3,unit003.csv,0,キモネコ,キモネコ
3,unit003.csv,1,キモネコ,美脚ネコ
3,unit003.csv,2,キモネコ,ムキあしネコ
4,unit004.csv,0,ウシネコ,ウシネコ
4,unit004.csv,1,ウシネコ,ネコキリン
4,unit004.csv,2,ウシネコ,ネコライオン
5,unit005.csv,0,ネコノトリ,ネコノトリ
5,unit005.csv,1,ネコノトリ,ネコＵＦＯ
5,unit005.csv,2,ネコノトリ,天空のネコ
6,unit006.csv,0,ネコフィッシュ,ネコフィッシュ
6,unit006.csv,1,ネコフィッシュ,ネコクジラ
6,unit006.csv,2,ネコフィッシュ,ネコ島
7,unit007.csv,0,ネコトカゲ,ネコトカゲ
7,unit007.csv,1,ネコトカゲ,ネコドラゴン
7,unit007.csv,2,ネコトカゲ,ネコキングドラゴン
8,unit008.csv,0,巨神ネコ,巨神ネコ
8,unit008.csv,1,巨神ネコ,ネコダラボッチ
8,unit008.csv,2,巨神ネコ,ネコジャラミ
9,unit009.csv,0,ネコ女優,ネコ女優
9,unit009.csv,1,ネコ女優,ネコ聖母
9,unit009.csv,2,ネコ女優,ネコマッチョ
10,unit010.csv,0,カンフーにゃんこ,カンフーにゃんこ
10,unit010.csv,1,カンフーにゃんこ,酔拳にゃんこ
10,unit010.csv,2,カンフーにゃんこ,ネコダンサー
11,unit011.csv,0,Mr.,Mr.
11,unit011.csv,1,Mr.,Super Mr.
11,unit011.csv,2,Mr.,Hyper Mr.
12,unit012.csv,0,猫縛り,猫縛り
12,unit012.csv,1,猫縛り,猫縛りNEO
12,unit012.csv,2,猫縛り,猫縛り極上
13,unit013.csv,0,女王猫,女王猫
13,unit013.csv,1,女王猫,処刑人
13,unit013.csv,2,女王猫,暗黒嬢
14,unit014.csv,0,ネコの箱詰め,ネコの箱詰め
14,unit014.csv,1,ネコの箱詰め,ネコギャング
14,unit014.csv,2,ネコの箱詰め,重機C・A・T
15,unit015.csv,0,ネコパンツ,ネコパンツ
15,unit015.csv,1,ネコパンツ,ネコ葉っぱ
15,unit015.csv,2,ネコパンツ,ネコぺろきゃん
16,unit016.csv,0,もねこ,もねこ
16,unit016.csv,1,もねこ,スターもねこ
16,unit016.csv,2,もねこ,スーパースターもねこ
17,unit017.csv,0,ネコリンリン,ネコリンリン
17,unit017.csv,1,ネコリンリン,ネコワイルド
17,unit017.csv,2,ネコリンリン,イチリンリン
18,unit018.csv,0,ネコ忍者,ネコ忍者
18,unit018.csv,1,ネコ忍者,ガマネコ忍者
18,unit018.csv,2,ネコ忍者,ムササビネコ忍者
19,unit019.csv,0,ネコゾンビ,ネコゾンビ
19,unit019.csv,1,ネコゾンビ,デビルネコ
19,unit019.csv,2,ネコゾンビ,ネコボーン
20,unit020.csv,0,ネコざむらい,ネコざむらい
20,unit020.csv,1,ネコざむらい,ネコナイト
20,unit020.csv,2,ネコざむらい,ネコパティシエ
21,unit021.csv,0,スモウネコ,スモウネコ
21,unit021.csv,1,スモウネコ,マダム・ザ・スモウ
21,unit021.csv,2,スモウネコ,ネコにぎり
22,unit022.csv,0,ネコフィーバー,ネコフィーバー
22,unit022.csv,1,ネコフィーバー,ネコカーニバル
22,unit022.csv,2,ネコフィーバー,ネコアミーゴ
23,unit023.csv,0,ネコスカート,ネコスカート
23,unit023.csv,1,ネコスカート,ネコタイツ
23,unit023.csv,2,ネコスカート,ねこななふん
24,unit024.csv,0,ネコヴァルキリー,ネコヴァルキリー
24,unit024.csv,1,ネコヴァルキリー,ネコヴァルキリー・真
24,unit024.csv,2,ネコヴァルキリー,ネコヴァルキリー・聖
25,unit025.csv,0,ネコムート,ネコムート
25,unit025.csv,1,ネコムート,狂乱のネコムート
25,unit025.csv,2,ネコムート,覚醒のネコムート
26,unit026.csv,0,ケリ姫,ケリ姫
26,unit026.csv,1,ケリ姫,フルカラーケリ姫
26,unit026.csv,2,ケリ姫,ウェディングケリ姫
27,unit027.csv,0,ネコひめ,ネコひめ
27,unit027.csv,1,ネコひめ,ネコひめビューティ
27,unit027.csv,2,ネコひめ,ネコひめビューティ
28,unit028.csv,0,ネコカプセル,ネコカプセル
28,unit028.csv,1,ネコカプセル,ねこ盛り
28,unit028.csv,2,ネコカプセル,ねこ盛り
29,unit029.csv,0,マスクオブネコ,マスクオブネコ
29,unit029.csv,1,マスクオブネコ,ネコレスラー
29,unit029.csv,2,マスクオブネコ,ネコレスラー
30,unit030.csv,0,ネコぼさつ,ネコぼさつ
30,unit030.csv,1,ネコぼさつ,ネコせんじゅ
30,unit030.csv,2,ネコぼさつ,ネコにょらい
31,unit031.csv,0,ネコ番長,ネコ番長
31,unit031.csv,1,ネコ番長,怒りのネコ番長
31,unit031.csv,2,ネコ番長,押忍！ネコ番長
32,unit032.csv,0,ネコザイル,ネコザイル
32,unit032.csv,1,ネコザイル,ネコ裸踊り
32,unit032.csv,2,ネコザイル,ネコカンカン
33,unit033.csv,0,ねこタツ,ねこタツ
33,unit033.csv,1,ねこタツ,ねこＴＶ
33,unit033.csv,2,ねこタツ,ねこタコつぼ
34,unit034.csv,0,ネコルガ,ネコルガ
34,unit034.csv,1,ネコルガ,ケサランパサラン
34,unit034.csv,2,ネコルガ,ウルトラケサラン
35,unit035.csv,0,オタネコ,オタネコ
35,unit035.csv,1,オタネコ,ネコハッカー
35,unit035.csv,2,オタネコ,ネコスーパーハッカー
36,unit036.csv,0,ネコスイマー,ネコスイマー
36,unit036.csv,1,ネコスイマー,ネコバタフライ
36,unit036.csv,2,ネコスイマー,ネコ半魚人
37,unit037.csv,0,ネコホッピング,ネコホッピング
37,unit037.csv,1,ネコホッピング,ネコマサイ
37,unit037.csv,2,ネコホッピング,ネコキョンシー
38,unit038.csv,0,ネコ車輪,ネコ車輪
38,unit038.csv,1,ネコ車輪,ネコ太陽
38,unit038.csv,2,ネコ車輪,ネコクール
39,unit039.csv,0,ネコリンゴ,ネコリンゴ
39,unit039.csv,1,ネコリンゴ,カオルくん
39,unit039.csv,2,ネコリンゴ,ネコアップル
40,unit040.csv,0,ネコバスたぶ,ネコバスたぶ
40,unit040.csv,1,ネコバスたぶ,セクシーネコバスたぶ
40,unit040.csv,2,ネコバスたぶ,ネコバスたぶゴールデン
41,unit041.csv,0,ネコエステ,ネコエステ
41,unit041.csv,1,ネコエステ,ネコジェンヌ
41,unit041.csv,2,ネコエステ,ネコパーフェクト
42,unit042.csv,0,ネコアイス,ネコアイス
42,unit042.csv,1,ネコアイス,ネコアイスクイーン
42,unit042.csv,2,ネコアイス,ネコアイスクリスタル
43,unit043.csv,0,ネコマシン,ネコマシン
43,unit043.csv,1,ネコマシン,ネコマシン・破
43,unit043.csv,2,ネコマシン,ネコマシン・滅
44,unit044.csv,0,鬼にゃんま,鬼にゃんま
44,unit044.csv,1,鬼にゃんま,鬼神にゃんま
44,unit044.csv,2,鬼にゃんま,獄炎鬼にゃんま
45,unit045.csv,0,芸者ねこ,芸者ねこ
45,unit045.csv,1,芸者ねこ,ネコでありんした
45,unit045.csv,2,芸者ねこ,ネコでありんした
46,unit046.csv,0,ねこジュラ,ねこジュラ
46,unit046.csv,1,ねこジュラ,ねこジュラシッター
46,unit046.csv,2,ねこジュラ,ねこジュラザウルス
47,unit047.csv,0,ねこファイター,ねこファイター
47,unit047.csv,1,ねこファイター,メガトンファイター
47,unit047.csv,2,ねこファイター,マキシマムファイター
48,unit048.csv,0,ねこ海賊,ねこ海賊
48,unit048.csv,1,ねこ海賊,ニャーコック船長
48,unit048.csv,2,ねこ海賊,ニャック・スパロウ
49,unit049.csv,0,ねこ泥棒,ねこ泥棒
49,unit049.csv,1,ねこ泥棒,怪盗ニャコン
49,unit049.csv,2,ねこ泥棒,ネゴエモン
50,unit050.csv,0,ねこ僧侶,ねこ僧侶
50,unit050.csv,1,ねこ僧侶,ねこ坊主
50,unit050.csv,2,ねこ僧侶,ねこ法師
51,unit051.csv,0,ねこ占い師,ねこ占い師
51,unit051.csv,1,ねこ占い師,ねこふんど師
51,unit051.csv,2,ねこ占い師,ねこ医師
52,unit052.csv,0,ネコシャーマン,ネコシャーマン
52,unit052.csv,1,ネコシャーマン,ネコラマンサー
52,unit052.csv,2,ネコシャーマン,ネコオドラマンサー
53,unit053.csv,0,エヴァンジェリスト,エヴァンジェリスト
53,unit053.csv,1,エヴァンジェリスト,フィリバスター
53,unit053.csv,2,エヴァンジェリスト,フィリバスター
54,unit054.csv,0,10式戦車,10式戦車
54,unit054.csv,1,10式戦車,ネコ搭乗10式戦車
54,unit054.csv,2,10式戦車,ネコ搭乗10式戦車
55,unit055.csv,0,ネコ魔女,ネコ魔女
55,unit055.csv,1,ネコ魔女,ネコマージョ
55,unit055.csv,2,ネコ魔女,ネコビマージョ
56,unit056.csv,0,ネコアーチャー,ネコアーチャー
56,unit056.csv,1,ネコアーチャー,ネコキューピット
56,unit056.csv,2,ネコアーチャー,ネコいて座
57,unit057.csv,0,ネコシュバリエ,ネコシュバリエ
57,unit057.csv,1,ネコシュバリエ,ネコベルセルク
57,unit057.csv,2,ネコシュバリエ,ネコパラディン
58,unit058.csv,0,ネコ魔剣士,ネコ魔剣士
58,unit058.csv,1,ネコ魔剣士,双剣ネコ魔剣士
58,unit058.csv,2,ネコ魔剣士,双炎舞ネコ魔剣士
59,unit059.csv,0,ねこベビー,ねこベビー
59,unit059.csv,1,ねこベビー,ねこベビーズ
59,unit059.csv,2,ねこベビー,ネコベビーカーズ
59,unit059.csv,3,ねこベビー,ネコベビーワールド
60,unit060.csv,0,ネコブ・ロンズ,ネコブ・ロンズ
60,unit060.csv,1,ネコブ・ロンズ,芸術のネコスタチュ
60,unit060.csv,2,ネコブ・ロンズ,ネコクイズ王
61,unit061.csv,0,ねこ寿司,ねこ寿司
61,unit061.csv,1,ねこ寿司,ねこリーゼント
61,unit061.csv,2,ねこ寿司,ネコ極上
62,unit062.csv,0,ネコポン,ネコポン
62,unit062.csv,1,ネコポン,ネコポニョン
62,unit062.csv,2,ネコポン,ネコポニョン
63,unit063.csv,0,ネコ運動会,ネコ運動会
63,unit063.csv,1,ネコ運動会,ネコラッチ
63,unit063.csv,2,ネコ運動会,ネコ棒倒し
64,unit064.csv,0,剣士,剣士
64,unit064.csv,1,剣士,剣士ジョニー
64,unit064.csv,2,剣士,剣士ジョニー
65,unit065.csv,0,ウシ姫,ウシ姫
65,unit065.csv,1,ウシ姫,キリン姫
65,unit065.csv,2,ウシ姫,キリン姫
66,unit066.csv,0,KHM48,KHM48
66,unit066.csv,1,KHM48,ダークKHM48
66,unit066.csv,2,KHM48,KHM46
67,unit067.csv,0,チビガウ,チビガウ
67,unit067.csv,1,チビガウ,チビガウガウ
67,unit067.csv,2,チビガウ,クリスタルチビガウガウ
68,unit068.csv,0,執行者,執行者
68,unit068.csv,1,執行者,執行者999
68,unit068.csv,2,執行者,ジャッジメント
69,unit069.csv,0,眠れるケリの美女,眠れるケリの美女
69,unit069.csv,1,眠れるケリの美女,眠れるケリの美女Ⅱ
69,unit069.csv,2,眠れるケリの美女,ひたすら眠れるケリの美女
70,unit070.csv,0,ネコリーマン,ネコリーマン
70,unit070.csv,1,ネコリーマン,ネコ怨み
70,unit070.csv,2,ネコリーマン,ネコ火祭り
71,unit071.csv,0,真田幸村,真田幸村
71,unit071.csv,1,真田幸村,武神・真田幸村
71,unit071.csv,2,真田幸村,飛翔の武神・真田幸村
72,unit072.csv,0,前田慶次,前田慶次
72,unit072.csv,1,前田慶次,武神・前田慶次
72,unit072.csv,2,前田慶次,憤怒の武神・前田慶次
73,unit073.csv,0,織田信長,織田信長
73,unit073.csv,1,織田信長,武神・織田信長
73,unit073.csv,2,織田信長,天魔・織田信長
73,unit073.csv,3,織田信長,夢幻天魔・織田信長
74,unit074.csv,0,トナカイフィッシュ,トナカイフィッシュ
74,unit074.csv,1,トナカイフィッシュ,ネコ魚のお造り
74,unit074.csv,2,トナカイフィッシュ,フィッシュ・ド・ノエル
75,unit075.csv,0,風神のウィンディ,風神のウィンディ
75,unit075.csv,1,風神のウィンディ,風神のウィンディα
75,unit075.csv,2,風神のウィンディ,疾風神のウィンディα
75,unit075.csv,3,風神のウィンディ,アルティメットウィンディα
76,unit076.csv,0,雷神のサンディア,雷神のサンディア
76,unit076.csv,1,雷神のサンディア,雷神のサンディアβ
76,unit076.csv,2,雷神のサンディア,迅雷神のサンディアβ
76,unit076.csv,3,雷神のサンディア,アルティメットサンディアβ
77,unit077.csv,0,ドロイド,ドロイド
77,unit077.csv,1,ドロイド,ニャンドロイド
77,unit077.csv,2,ドロイド,ハルドロイド
78,unit078.csv,0,ネコと宇宙,ネコと宇宙
78,unit078.csv,1,ネコと宇宙,ニャア少佐
78,unit078.csv,2,ネコと宇宙,駆動戦士ネコ
79,unit079.csv,0,にゃんこ成人,にゃんこ成人
79,unit079.csv,1,にゃんこ成人,にゃんこ病人
79,unit079.csv,2,にゃんこ成人,にゃんこ囚人
80,unit080.csv,0,吾輩は鬼である,吾輩は鬼である
80,unit080.csv,1,吾輩は鬼である,ネコ紳士
80,unit080.csv,2,吾輩は鬼である,ネコ紳士同盟
81,unit081.csv,0,ひなにゃんこ,ひなにゃんこ
81,unit081.csv,1,ひなにゃんこ,超号珍ニャジンガー
81,unit081.csv,2,ひなにゃんこ,ニャラジン
82,unit082.csv,0,ネコ忍者～青～,ネコ忍者～青～
82,unit082.csv,1,ネコ忍者～青～,ネコ忍者～橙～
82,unit082.csv,2,ネコ忍者～青～,ネコ忍者～橙～
83,unit083.csv,0,地龍ソドム,地龍ソドム
83,unit083.csv,1,地龍ソドム,地龍王ソドム
83,unit083.csv,2,地龍ソドム,地龍皇帝ソドム
84,unit084.csv,0,聖龍メギドラ,聖龍メギドラ
84,unit084.csv,1,聖龍メギドラ,聖龍王メギドラ
84,unit084.csv,2,聖龍メギドラ,聖龍皇帝メギドラ
85,unit085.csv,0,竜騎士バルス,竜騎士バルス
85,unit085.csv,1,竜騎士バルス,竜騎士王バルス
85,unit085.csv,2,竜騎士バルス,竜騎士皇帝バルス
86,unit086.csv,0,神龍かむくら,神龍かむくら
86,unit086.csv,1,神龍かむくら,神龍王かむくら
86,unit086.csv,2,神龍かむくら,神龍皇帝かむくら
87,unit087.csv,0,竜戦機ライデン,竜戦機ライデン
87,unit087.csv,1,竜戦機ライデン,竜戦機王ライデン
87,unit087.csv,2,竜戦機ライデン,竜戦機皇帝ライデン
88,unit088.csv,0,ネコなわとび,ネコなわとび
88,unit088.csv,1,ネコなわとび,ネコネコなわとび
88,unit088.csv,2,ネコなわとび,ネコ蕎麦屋
89,unit089.csv,0,ニムエ,ニムエ
89,unit089.csv,1,ニムエ,帰化型ニムエ
89,unit089.csv,2,ニムエ,帰化型ニムエ
90,unit090.csv,0,猿王,猿王
90,unit090.csv,1,猿王,SSS猿王
90,unit090.csv,2,猿王,SSS猿王
91,unit091.csv,0,狂乱のネコ,狂乱のネコ
91,unit091.csv,1,狂乱のネコ,狂乱のネコビルダー
91,unit091.csv,2,狂乱のネコ,大狂乱のネコモヒカン
92,unit092.csv,0,狂乱のタンクネコ,狂乱のタンクネコ
92,unit092.csv,1,狂乱のタンクネコ,狂乱のネコカベ
92,unit092.csv,2,狂乱のタンクネコ,大狂乱のゴムネコ
93,unit093.csv,0,狂乱のバトルネコ,狂乱のバトルネコ
93,unit093.csv,1,狂乱のバトルネコ,狂乱の勇者ネコ
93,unit093.csv,2,狂乱のバトルネコ,大狂乱の暗黒ネコ
94,unit094.csv,0,狂乱のキモネコ,狂乱のキモネコ
94,unit094.csv,1,狂乱のキモネコ,狂乱の美脚ネコ
94,unit094.csv,2,狂乱のキモネコ,大狂乱のムキあしネコ
95,unit095.csv,0,狂乱のウシネコ,狂乱のウシネコ
95,unit095.csv,1,狂乱のウシネコ,狂乱のキリンネコ
95,unit095.csv,2,狂乱のウシネコ,大狂乱のネコライオン
96,unit096.csv,0,狂乱のネコノトリ,狂乱のネコノトリ
96,unit096.csv,1,狂乱のネコノトリ,狂乱のネコUFO
96,unit096.csv,2,狂乱のネコノトリ,大狂乱の天空のネコ
97,unit097.csv,0,狂乱のネコフィッシュ,狂乱のネコフィッシュ
97,unit097.csv,1,狂乱のネコフィッシュ,狂乱のネコクジラ
97,unit097.csv,2,狂乱のネコフィッシュ,大狂乱のネコ島
98,unit098.csv,0,狂乱のネコトカゲ,狂乱のネコトカゲ
98,unit098.csv,1,狂乱のネコトカゲ,狂乱のネコドラゴン
98,unit098.csv,2,狂乱のネコトカゲ,大狂乱のネコキングドラゴン
99,unit099.csv,0,狂乱の巨神ネコ,狂乱の巨神ネコ
99,unit099.csv,1,狂乱の巨神ネコ,狂乱のネコダラボッチ
99,unit099.csv,2,狂乱の巨神ネコ,大狂乱のネコジャラミ
100,unit100.csv,0,ネコ乙女,ネコ乙女
100,unit100.csv,1,ネコ乙女,モトコ
100,unit100.csv,2,ネコ乙女,サホリ
101,unit101.csv,0,弱酸性エル,弱酸性エル
101,unit101.csv,1,弱酸性エル,弱酸性エルCC
101,unit101.csv,2,弱酸性エル,弱酸性エルCC
102,unit102.csv,0,レッドマローン,レッドマローン
102,unit102.csv,1,レッドマローン,レッドマローンCC
102,unit102.csv,2,レッドマローン,レッドマローンCC
103,unit103.csv,0,歌謡にゃんこ,歌謡にゃんこ
103,unit103.csv,1,歌謡にゃんこ,メガにゃんこ
103,unit103.csv,2,歌謡にゃんこ,メガにゃんこEX
104,unit104.csv,0,マジでコイしてる,マジでコイしてる
104,unit104.csv,1,マジでコイしてる,コイ・the・Night
104,unit104.csv,2,マジでコイしてる,キスヨリ・ス・ゴイ
105,unit105.csv,0,猿帝のクウ,猿帝のクウ
105,unit105.csv,1,猿帝のクウ,猿帝のクウγ
105,unit105.csv,2,猿帝のクウ,金猿帝のクウγ
106,unit106.csv,0,召し豚のカイ,召し豚のカイ
106,unit106.csv,1,召し豚のカイ,召し豚のカイμ
106,unit106.csv,2,召し豚のカイ,召し猪のカイμ
107,unit107.csv,0,宝杖のカッパーマイン,宝杖のカッパーマイン
107,unit107.csv,1,宝杖のカッパーマイン,宝杖のカッパーκ
107,unit107.csv,2,宝杖のカッパーマイン,光宝杖のカッパーκ
108,unit108.csv,0,にゃんこ３兄弟,にゃんこ３兄弟
108,unit108.csv,1,にゃんこ３兄弟,秘密要塞ネコロス
108,unit108.csv,2,にゃんこ３兄弟,秘密要塞ネコロス
109,unit109.csv,0,マダム・ザ・花嫁,マダム・ザ・花嫁
109,unit109.csv,1,マダム・ザ・花嫁,マダム・ザ・王様
109,unit109.csv,2,マダム・ザ・花嫁,マダム・ザ・サバンナ
110,unit110.csv,0,セレス,セレス
110,unit110.csv,1,セレス,セレスCC
110,unit110.csv,2,セレス,セレスCC
111,unit111.csv,0,ノノ,ノノ
111,unit111.csv,1,ノノ,ノノCC
111,unit111.csv,2,ノノ,野跳ねる白猫ノノCC
112,unit112.csv,0,オルガ,オルガ
112,unit112.csv,1,オルガ,オルガCC
112,unit112.csv,2,オルガ,オルガCC
113,unit113.csv,0,ノルン,ノルン
113,unit113.csv,1,ノルン,ノルンCC
113,unit113.csv,2,ノルン,ノルンCC
114,unit114.csv,0,よいち,よいち
114,unit114.csv,1,よいち,よいちCC
114,unit114.csv,2,よいち,よいちCC
115,unit115.csv,0,セラム,セラム
115,unit115.csv,1,セラム,セラムCC
115,unit115.csv,2,セラム,セラムCC
116,unit116.csv,0,フウ,フウ
116,unit116.csv,1,フウ,フウCC
116,unit116.csv,2,フウ,フウCC
117,unit117.csv,0,アウラ,アウラ
117,unit117.csv,1,アウラ,アウラCC
117,unit117.csv,2,アウラ,アウラCC
118,unit118.csv,0,レイ,レイ
118,unit118.csv,1,レイ,レイCC
118,unit118.csv,2,レイ,レイCC
119,unit119.csv,0,ワイバーン,ワイバーン
119,unit119.csv,1,ワイバーン,ニャイバーン
119,unit119.csv,2,ワイバーン,ニャイバーン＆アレク
120,unit120.csv,0,癒術士,癒術士
120,unit120.csv,1,癒術士,癒術士CC
120,unit120.csv,2,癒術士,にゃんこ化癒術士ＣＣ
121,unit121.csv,0,メルク,メルク
121,unit121.csv,1,メルク,メルクCC
121,unit121.csv,2,メルク,にゃんことメルクCC
122,unit122.csv,0,女王様の休日,女王様の休日
122,unit122.csv,1,女王様の休日,いつものＯＬ
122,unit122.csv,2,女王様の休日,コールセンターのＯＬ
123,unit123.csv,0,マメマメにゃんこ,マメマメにゃんこ
123,unit123.csv,1,マメマメにゃんこ,ラブラブにゃんこ
123,unit123.csv,2,マメマメにゃんこ,ヴァルヴァルにゃんこ
124,unit124.csv,0,伊達政宗,伊達政宗
124,unit124.csv,1,伊達政宗,武神・伊達政宗
124,unit124.csv,2,伊達政宗,邪眼竜の武神・伊達政宗
125,unit125.csv,0,武田信玄,武田信玄
125,unit125.csv,1,武田信玄,武神・武田信玄
125,unit125.csv,2,武田信玄,猛牛の武神・武田信玄
126,unit126.csv,0,カラクリにゃんこ,カラクリにゃんこ
126,unit126.csv,1,カラクリにゃんこ,ネコ人形師
126,unit126.csv,2,カラクリにゃんこ,ネコチャッピー
127,unit127.csv,0,ネコフラワー,ネコフラワー
127,unit127.csv,1,ネコフラワー,にゃんこ扇風
127,unit127.csv,2,ネコフラワー,ネコボンバー
128,unit128.csv,0,うらめしにゃん,うらめしにゃん
128,unit128.csv,1,うらめしにゃん,ハナメガにゃん
128,unit128.csv,2,うらめしにゃん,凧にゃん
129,unit129.csv,0,金ネコ,金ネコ
129,unit129.csv,1,金ネコ,金ネコビルダー
129,unit129.csv,2,金ネコ,金ピカネコビルダー
130,unit130.csv,0,ウルフとウルルン,ウルフとウルルン
130,unit130.csv,1,ウルフとウルルン,タマとウルルン
130,unit130.csv,2,ウルフとウルルン,覚醒のタマとウルルン
131,unit131.csv,0,ねねこ,ねねこ
131,unit131.csv,1,ねねこ,スターねねこ
131,unit131.csv,2,ねねこ,スターねねこ
132,unit132.csv,0,カンフーにゃんこＧ,カンフーにゃんこＧ
132,unit132.csv,1,カンフーにゃんこＧ,酔拳にゃんこＧ
132,unit132.csv,2,カンフーにゃんこＧ,剛拳にゃんこＧ
133,unit133.csv,0,ヒカキン,ヒカキン
133,unit133.csv,1,ヒカキン,ビキャキン
133,unit133.csv,2,ヒカキン,ムキャキン
134,unit134.csv,0,うらしまタロウ,うらしまタロウ
134,unit134.csv,1,うらしまタロウ,竜宮獣ガメレオン
134,unit134.csv,2,うらしまタロウ,竜宮超獣キングガメレオン
135,unit135.csv,0,ツルの恩返し,ツルの恩返し
135,unit135.csv,1,ツルの恩返し,銀河戦士コスモ
135,unit135.csv,2,ツルの恩返し,究極戦士コズミックコスモ
135,unit135.csv,3,ツルの恩返し,究極勇者ウルトラコスモ
136,unit136.csv,0,ももたろう,ももたろう
136,unit136.csv,1,ももたろう,爆走兄弟ピーチスター
136,unit136.csv,2,ももたろう,爆走兄弟ピーチジャスティス
137,unit137.csv,0,かさじぞう,かさじぞう
137,unit137.csv,1,かさじぞう,地蔵要塞カムイ
137,unit137.csv,2,かさじぞう,地蔵要塞ゼロカムイ
137,unit137.csv,3,かさじぞう,ウルトラかさじぞう
138,unit138.csv,0,かぐやひめ,かぐやひめ
138,unit138.csv,1,かぐやひめ,破壊衛星デスムーン
138,unit138.csv,2,かぐやひめ,破壊衛星カオスムーン
138,unit138.csv,3,かぐやひめ,ウルトラかぐやひめ
139,unit139.csv,0,ネコンドー,ネコンドー
139,unit139.csv,1,ネコンドー,ネコンドーＨＧ
139,unit139.csv,2,ネコンドー,ネコンドーＳＰ
140,unit140.csv,0,ふにゅふにゅネコ,ふにゅふにゅネコ
140,unit140.csv,1,ふにゅふにゅネコ,むきゅむきゅネコ
140,unit140.csv,2,ふにゅふにゅネコ,むきゅむきゅネコ
141,unit141.csv,0,神様,神様
141,unit141.csv,1,神様,シークレット神様
141,unit141.csv,2,神様,シークレット神様
142,unit142.csv,0,ネコチュートリアル,ネコチュートリアル
142,unit142.csv,1,ネコチュートリアル,裏チュートリアル
142,unit142.csv,2,ネコチュートリアル,裏チュートリアル
143,unit143.csv,0,ねこナース,ねこナース
143,unit143.csv,1,ねこナース,ハートフルねこナース
143,unit143.csv,2,ねこナース,ジョイフルねこナース
144,unit144.csv,0,にゃんこ城Mini,にゃんこ城Mini
144,unit144.csv,1,にゃんこ城Mini,にゃんこ城Jr
144,unit144.csv,2,にゃんこ城Mini,にゃんこ城Max
145,unit145.csv,0,ねこガンマン,ねこガンマン
145,unit145.csv,1,ねこガンマン,ねこウエスタン
145,unit145.csv,2,ねこガンマン,ねこロデオ
146,unit146.csv,0,たけうまねこ,たけうまねこ
146,unit146.csv,1,たけうまねこ,トーテムねこ
146,unit146.csv,2,たけうまねこ,ねこ雑技団
147,unit147.csv,0,ブリキネコ,ブリキネコ
147,unit147.csv,1,ブリキネコ,プレーンネコ
147,unit147.csv,2,ブリキネコ,ネコロボット
148,unit148.csv,0,ねこロッカー,ねこロッカー
148,unit148.csv,1,ねこロッカー,ねこアーティスト
148,unit148.csv,2,ねこロッカー,ねこラーメン道
149,unit149.csv,0,ねこ人魚,ねこ人魚
149,unit149.csv,1,ねこ人魚,ねこソルジャー
149,unit149.csv,2,ねこ人魚,ネコカメラマン
150,unit150.csv,0,窓辺の乙女ネコ,窓辺の乙女ネコ
150,unit150.csv,1,窓辺の乙女ネコ,窓辺の姫君ネコ
150,unit150.csv,2,窓辺の乙女ネコ,窓辺の舞妓にゃん
151,unit151.csv,0,ネコバーベル,ネコバーベル
151,unit151.csv,1,ネコバーベル,ネコRG
151,unit151.csv,2,ネコバーベル,ネコデリバリー
152,unit152.csv,0,ネコスケート,ネコスケート
152,unit152.csv,1,ネコスケート,よいではにゃいか
152,unit152.csv,2,ネコスケート,にゃんでやねん
153,unit153.csv,0,ネコトースター,ネコトースター
153,unit153.csv,1,ネコトースター,ネコ映写機
153,unit153.csv,2,ネコトースター,ネコクラシック
154,unit154.csv,0,ねこフープ,ねこフープ
154,unit154.csv,1,ねこフープ,ねこトリプルフープ
154,unit154.csv,2,ねこフープ,ねこグルグルフープ
155,unit155.csv,0,156-1,156-1
155,unit155.csv,1,156-1,156-2
155,unit155.csv,2,156-1,156-3
156,unit156.csv,0,ドラリー剣士,ドラリー剣士
156,unit156.csv,1,ドラリー剣士,ドラリー魔法使い
156,unit156.csv,2,ドラリー剣士,ドラリー魔法使い
157,unit157.csv,0,ヌボボ,ヌボボ
157,unit157.csv,1,ヌボボ,ゴールボ
157,unit157.csv,2,ヌボボ,ゴールボ
158,unit158.csv,0,上杉謙信,上杉謙信
158,unit158.csv,1,上杉謙信,武神・上杉謙信
158,unit158.csv,2,上杉謙信,暴威の武神・上杉謙信
158,unit158.csv,3,上杉謙信,毘沙門軍神・上杉謙信
159,unit159.csv,0,冥界のカリファ,冥界のカリファ
159,unit159.csv,1,冥界のカリファ,冥界のＸカリファ
159,unit159.csv,2,冥界のカリファ,冥界のＸＸカリファ
160,unit160.csv,0,ユーリンチー,ユーリンチー
160,unit160.csv,1,ユーリンチー,転生霊鳥ユーリンチー
160,unit160.csv,2,ユーリンチー,ゲキリンチー
161,unit161.csv,0,狂乱のケリ姫,狂乱のケリ姫
161,unit161.csv,1,狂乱のケリ姫,狂乱のケリ姫CC
161,unit161.csv,2,狂乱のケリ姫,大狂乱のケリ姫
162,unit162.csv,0,綾小路 翔,綾小路 翔
162,unit162.csv,1,綾小路 翔,翔やん＆にゃんこ
162,unit162.csv,2,綾小路 翔,翔やん＆にゃんこ
163,unit163.csv,0,早乙女 光,早乙女 光
163,unit163.csv,1,早乙女 光,光＆にゃんこ
163,unit163.csv,2,早乙女 光,光＆にゃんこ
164,unit164.csv,0,西園寺 瞳,西園寺 瞳
164,unit164.csv,1,西園寺 瞳,トミー＆にゃんこ
164,unit164.csv,2,西園寺 瞳,トミー＆にゃんこ
165,unit165.csv,0,星グランマニエ,星グランマニエ
165,unit165.csv,1,星グランマニエ,ランマ＆にゃんこ
165,unit165.csv,2,星グランマニエ,ランマ＆にゃんこ
166,unit166.csv,0,白鳥松竹梅,白鳥松竹梅
166,unit166.csv,1,白鳥松竹梅,松＆にゃんこ
166,unit166.csv,2,白鳥松竹梅,松＆にゃんこ
167,unit167.csv,0,ネコヤンキー,ネコヤンキー
167,unit167.csv,1,ネコヤンキー,ネコスケバン
167,unit167.csv,2,ネコヤンキー,ネコスケバン
168,unit168.csv,0,アシルガ,アシルガ
168,unit168.csv,1,アシルガ,アシランパサラン
168,unit168.csv,2,アシルガ,アタタタアシラン
169,unit169.csv,0,クビルガ,クビルガ
169,unit169.csv,1,クビルガ,クビランパサラン
169,unit169.csv,2,クビルガ,E・クビランパサラン
170,unit170.csv,0,テコルガ,テコルガ
170,unit170.csv,1,テコルガ,テサランパサラン
170,unit170.csv,2,テコルガ,ムギワラテサラン
171,unit171.csv,0,バララガ,バララガ
171,unit171.csv,1,バララガ,バラランパサラン
171,unit171.csv,2,バララガ,ピカランバララン
172,unit172.csv,0,コニャンダム,コニャンダム
172,unit172.csv,1,コニャンダム,ネコニャンダム
172,unit172.csv,2,コニャンダム,覚醒のネコニャンダム
173,unit173.csv,0,厨房マンボウ,厨房マンボウ
173,unit173.csv,1,厨房マンボウ,工房マンボウ
173,unit173.csv,2,厨房マンボウ,社会の一員
174,unit174.csv,0,マンボ王,マンボ王
174,unit174.csv,1,マンボ王,生ける伝説
174,unit174.csv,2,マンボ王,太平洋の主
175,unit175.csv,0,にゃんぼう,にゃんぼう
175,unit175.csv,1,にゃんぼう,ネコトーピード
175,unit175.csv,2,にゃんぼう,ネコトーピード
176,unit176.csv,0,マシュマロにゃん,マシュマロにゃん
176,unit176.csv,1,マシュマロにゃん,キモマロにゃん
176,unit176.csv,2,マシュマロにゃん,キモマロにゃん
177,unit177.csv,0,覇龍ディオラムス,覇龍ディオラムス
177,unit177.csv,1,覇龍ディオラムス,覇龍王ディオラムス
177,unit177.csv,2,覇龍ディオラムス,覇龍皇帝ディオラムス
177,unit177.csv,3,覇龍ディオラムス,大覇龍皇帝ディオラムス
178,unit178.csv,0,極道にゃんこ,極道にゃんこ
178,unit178.csv,1,極道にゃんこ,ヤクザヴァンパイア
178,unit178.csv,2,極道にゃんこ,ヤクザヴァンパイア
179,unit179.csv,0,タクヤとユキ,タクヤとユキ
179,unit179.csv,1,タクヤとユキ,タクヤとユキとネコ
179,unit179.csv,2,タクヤとユキ,タクヤとビューティユキ
180,unit180.csv,0,謎の少女ユキ,謎の少女ユキ
180,unit180.csv,1,謎の少女ユキ,謎の少女ユキ＆ネコ
180,unit180.csv,2,謎の少女ユキ,謎のネコ耳少女ユキ
181,unit181.csv,0,ゆきにゃん,ゆきにゃん
181,unit181.csv,1,ゆきにゃん,ビューティゆきにゃん
181,unit181.csv,2,ゆきにゃん,ビューティゆきにゃん
182,unit182.csv,0,183-1,183-1
182,unit182.csv,1,183-1,183-2
182,unit182.csv,2,183-1,183-2
183,unit183.csv,0,にゃんこカートR,にゃんこカートR
183,unit183.csv,1,にゃんこカートR,にゃんこカートG
183,unit183.csv,2,にゃんこカートR,にゃんこカートP
184,unit184.csv,0,ミスターニンジャ,ミスターニンジャ
184,unit184.csv,1,ミスターニンジャ,タンタン
184,unit184.csv,2,ミスターニンジャ,タンタン
185,unit185.csv,0,ハルシュト,ハルシュト
185,unit185.csv,1,ハルシュト,ハルシュトCC
185,unit185.csv,2,ハルシュト,革命のハルシュトCC
186,unit186.csv,0,コーネリア,コーネリア
186,unit186.csv,1,コーネリア,コーネリアCC
186,unit186.csv,2,コーネリア,コーネリアCC
187,unit187.csv,0,ユーヴェンス,ユーヴェンス
187,unit187.csv,1,ユーヴェンス,ユーヴェンスCC
187,unit187.csv,2,ユーヴェンス,休日の騎士様ユーヴェンスCC
188,unit188.csv,0,ミスティカ,ミスティカ
188,unit188.csv,1,ミスティカ,ミスティカCC
188,unit188.csv,2,ミスティカ,寂救のミスティカCC
189,unit189.csv,0,アロイス,アロイス
189,unit189.csv,1,アロイス,アロイスCC
189,unit189.csv,2,アロイス,アロイスCC
190,unit190.csv,0,シトルイユ,シトルイユ
190,unit190.csv,1,シトルイユ,シトルイユCC
190,unit190.csv,2,シトルイユ,シトルイユCC
191,unit191.csv,0,ティティ,ティティ
191,unit191.csv,1,ティティ,ティティCC
191,unit191.csv,2,ティティ,ネコティティCC
192,unit192.csv,0,山岡実乃里,山岡実乃里
192,unit192.csv,1,山岡実乃里,クイーンみのりん
192,unit192.csv,2,山岡実乃里,クイーンみのりん
193,unit193.csv,0,中村奏絵,中村奏絵
193,unit193.csv,1,中村奏絵,クイーンかにー
193,unit193.csv,2,中村奏絵,クイーンかにー
194,unit194.csv,0,アキラ,アキラ
194,unit194.csv,1,アキラ,シャドウ・アキラ
194,unit194.csv,2,アキラ,インフェルノ・アキラ
195,unit195.csv,0,西園寺メカ子,西園寺メカ子
195,unit195.csv,1,西園寺メカ子,ドクトルDr.メカ子
195,unit195.csv,2,西園寺メカ子,アストロDr.メカ子
196,unit196.csv,0,キャットマンダディ,キャットマンダディ
196,unit196.csv,1,キャットマンダディ,キャットマンダーク
196,unit196.csv,2,キャットマンダディ,キャットマンライジング
197,unit197.csv,0,サイキックネコ,サイキックネコ
197,unit197.csv,1,サイキックネコ,ネオサイキックネコ
197,unit197.csv,2,サイキックネコ,デビルサイキックネコ
198,unit198.csv,0,ねこ陰陽師,ねこ陰陽師
198,unit198.csv,1,ねこ陰陽師,魔法少女ねこ
198,unit198.csv,2,ねこ陰陽師,ねこ大魔王
199,unit199.csv,0,ネコサーファー,ネコサーファー
199,unit199.csv,1,ネコサーファー,ネコ漂流
199,unit199.csv,2,ネコサーファー,ネコ漂流記
200,unit200.csv,0,メタルネコ,メタルネコ
200,unit200.csv,1,メタルネコ,メタルネコビルダー
200,unit200.csv,2,メタルネコ,メタルネコビルダー
201,unit201.csv,0,ドラムメニャー,ドラムメニャー
201,unit201.csv,1,ドラムメニャー,プラカードにゃん
201,unit201.csv,2,ドラムメニャー,ネコぺったん
202,unit202.csv,0,ネコ小籠包,ネコ小籠包
202,unit202.csv,1,ネコ小籠包,ネコ大籠包
202,unit202.csv,2,ネコ小籠包,大籠包にゃんこ
203,unit203.csv,0,カチカチヤマンズ,カチカチヤマンズ
203,unit203.csv,1,カチカチヤマンズ,炎護射撃車ウーウー
203,unit203.csv,2,カチカチヤマンズ,豪炎狙撃車ウーウー
204,unit204.csv,0,アイルー,アイルー
204,unit204.csv,1,アイルー,アイルー＆メラルー
204,unit204.csv,2,アイルー,アイルー＆メラルー
205,unit205.csv,0,シェリア【キリン】,シェリア【キリン】
205,unit205.csv,1,シェリア【キリン】,シェリア【キリンX】
205,unit205.csv,2,シェリア【キリン】,シェリア【キリンX】
206,unit206.csv,0,リオレウス,リオレウス
206,unit206.csv,1,リオレウス,リオレウス＆にゃんこ
206,unit206.csv,2,リオレウス,リオレウス＆にゃんこ
207,unit207.csv,0,リオレイア,リオレイア
207,unit207.csv,1,リオレイア,リオレイア＆にゃんこ
207,unit207.csv,2,リオレイア,リオレイア＆にゃんこ
208,unit208.csv,0,キリンネコ,キリンネコ
208,unit208.csv,1,キリンネコ,キリンネコキリン
208,unit208.csv,2,キリンネコ,キリンネコキリン
209,unit209.csv,0,ちびネコ,ちびネコ
209,unit209.csv,1,ちびネコ,ちびネコビルダー
209,unit209.csv,2,ちびネコ,ちびネコモヒカン
210,unit210.csv,0,ちびタンクネコ,ちびタンクネコ
210,unit210.csv,1,ちびタンクネコ,ちびネコカベ
210,unit210.csv,2,ちびタンクネコ,ちびゴムネコ
211,unit211.csv,0,ちびバトルネコ,ちびバトルネコ
211,unit211.csv,1,ちびバトルネコ,ちび勇者ネコ
211,unit211.csv,2,ちびバトルネコ,ちび暗黒ネコ
212,unit212.csv,0,ホワイトラビット,ホワイトラビット
212,unit212.csv,1,ホワイトラビット,ブラックキャット
212,unit212.csv,2,ホワイトラビット,グレーフォックス
212,unit212.csv,3,ホワイトラビット,スペクトルキャット
213,unit213.csv,0,にゃんこバーガー,にゃんこバーガー
213,unit213.csv,1,にゃんこバーガー,にゃんこキングバーガー
213,unit213.csv,2,にゃんこバーガー,にゃんこバーガーセット
214,unit214.csv,0,百太郎,百太郎
214,unit214.csv,1,百太郎,百太郎CC
214,unit214.csv,2,百太郎,百太郎CC
215,unit215.csv,0,マルコ,マルコ
215,unit215.csv,1,マルコ,マルコCC
215,unit215.csv,2,マルコ,マルコCC
216,unit216.csv,0,ターマ,ターマ
216,unit216.csv,1,ターマ,ターマCC
216,unit216.csv,2,ターマ,ターマCC
217,unit217.csv,0,エリ,エリ
217,unit217.csv,1,エリ,エリCC
217,unit217.csv,2,エリ,エリCC
218,unit218.csv,0,フィオ,フィオ
218,unit218.csv,1,フィオ,フィオCC
218,unit218.csv,2,フィオ,フィオCC
219,unit219.csv,0,SV-001,SV-001
219,unit219.csv,1,SV-001,SV-001CC
219,unit219.csv,2,SV-001,SV-001CC
220,unit220.csv,0,アレン・オニール,アレン・オニール
220,unit220.csv,1,アレン・オニール,アレン・オニールCC
220,unit220.csv,2,アレン・オニール,アレン・オニールCC
221,unit221.csv,0,マーズピープル,マーズピープル
221,unit221.csv,1,マーズピープル,マーズピープルCC
221,unit221.csv,2,マーズピープル,マーズピープルCC
222,unit222.csv,0,ヒュージハーミット,ヒュージハーミット
222,unit222.csv,1,ヒュージハーミット,ヒュージハーミットCC
222,unit222.csv,2,ヒュージハーミット,ゴールデンヒュージハーミットCC
223,unit223.csv,0,ジュピターキング,ジュピターキング
223,unit223.csv,1,ジュピターキング,ジュピターキングCC
223,unit223.csv,2,ジュピターキング,ゴールデンジュピターCC
224,unit224.csv,0,モーデン元帥,モーデン元帥
224,unit224.csv,1,モーデン元帥,モーデン元帥CC
224,unit224.csv,2,モーデン元帥,ゴールデンモーデンCC
225,unit225.csv,0,ハイ・ドゥ,ハイ・ドゥ
225,unit225.csv,1,ハイ・ドゥ,ハイ・ドゥCC
225,unit225.csv,2,ハイ・ドゥ,ハイ・ドゥ MK III CC
226,unit226.csv,0,呪術師デスピエロ,呪術師デスピエロ
226,unit226.csv,1,呪術師デスピエロ,闇商人バビル
226,unit226.csv,2,呪術師デスピエロ,奇術科学者クレイG
227,unit227.csv,0,にゃんぷきん,にゃんぷきん
227,unit227.csv,1,にゃんぷきん,ねこランタン
227,unit227.csv,2,にゃんぷきん,死神ネコ
228,unit228.csv,0,ハロウィンねねこ,ハロウィンねねこ
228,unit228.csv,1,ハロウィンねねこ,ハロウィン魔女ねねこ
228,unit228.csv,2,ハロウィンねねこ,仮装・ハロウィンねねこ
229,unit229.csv,0,ウィンディスイート,ウィンディスイート
229,unit229.csv,1,ウィンディスイート,ウィンディスイートα
229,unit229.csv,2,ウィンディスイート,ウィンディスイートα
230,unit230.csv,0,デビルサンディア,デビルサンディア
230,unit230.csv,1,デビルサンディア,デビルサンディアβ
230,unit230.csv,2,デビルサンディア,デビルサンディアβ
231,unit231.csv,0,おでん,おでん
231,unit231.csv,1,おでん,おでんCC
231,unit231.csv,2,おでん,おでんCC
232,unit232.csv,0,光の神徒ヴァルキリー,光の神徒ヴァルキリー
232,unit232.csv,1,光の神徒ヴァルキリー,光の神徒ヴァルキリーCC
232,unit232.csv,2,光の神徒ヴァルキリー,光の神徒ヴァルキリーCC
233,unit233.csv,0,神徒ブリュンヒルデ,神徒ブリュンヒルデ
233,unit233.csv,1,神徒ブリュンヒルデ,神徒ブリュンヒルデCC
233,unit233.csv,2,神徒ブリュンヒルデ,神徒ブリュンヒルデCC
234,unit234.csv,0,神徒スルズ,神徒スルズ
234,unit234.csv,1,神徒スルズ,神徒スルズCC
234,unit234.csv,2,神徒スルズ,神徒スルズCC
235,unit235.csv,0,豊穣の女神フレイヤ,豊穣の女神フレイヤ
235,unit235.csv,1,豊穣の女神フレイヤ,豊穣の女神フレイヤCC
235,unit235.csv,2,豊穣の女神フレイヤ,豊穣の女神フレイヤCC
236,unit236.csv,0,軍神オーディン,軍神オーディン
236,unit236.csv,1,軍神オーディン,軍神オーディンCC
236,unit236.csv,2,軍神オーディン,軍神オーディンCC
237,unit237.csv,0,おかめはちもくネコ,おかめはちもくネコ
237,unit237.csv,1,おかめはちもくネコ,おかめの水博士
237,unit237.csv,2,おかめはちもくネコ,おかめ名誉客員教授
238,unit238.csv,0,ボンボンネコ,ボンボンネコ
238,unit238.csv,1,ボンボンネコ,ネコボンのパパ
238,unit238.csv,2,ボンボンネコ,ネコボンのパパのパパ
239,unit239.csv,0,見習いスニャイパー,見習いスニャイパー
239,unit239.csv,1,見習いスニャイパー,ネゴルゴ
239,unit239.csv,2,見習いスニャイパー,ネゴルゴ３１
240,unit240.csv,0,トゲルガ,トゲルガ
240,unit240.csv,1,トゲルガ,トゲランパサラン
240,unit240.csv,2,トゲルガ,デイダラトゲラン
241,unit241.csv,0,雪だるまのスノーカイ,雪だるまのスノーカイ
241,unit241.csv,1,雪だるまのスノーカイ,雪だるまのスノーカイμ
241,unit241.csv,2,雪だるまのスノーカイ,雪妖精のスノーカイμ
242,unit242.csv,0,サンタのメリークウ,サンタのメリークウ
242,unit242.csv,1,サンタのメリークウ,サンタのメリークウγ
242,unit242.csv,2,サンタのメリークウ,サンタのメリークウγ
243,unit243.csv,0,聖夜のシスターカッパー,聖夜のシスターカッパー
243,unit243.csv,1,聖夜のシスターカッパー,聖夜のシスターカッパーκ
243,unit243.csv,2,聖夜のシスターカッパー,聖夜のシスターカッパーκ
244,unit244.csv,0,ネコのプレゼント,ネコのプレゼント
244,unit244.csv,1,ネコのプレゼント,ネコプレゼント
244,unit244.csv,2,ネコのプレゼント,ネコプレゼント
245,unit245.csv,0,ちびキモネコ,ちびキモネコ
245,unit245.csv,1,ちびキモネコ,ちび美脚ネコ
245,unit245.csv,2,ちびキモネコ,ちびムキあしネコ
246,unit246.csv,0,ちびウシネコ,ちびウシネコ
246,unit246.csv,1,ちびウシネコ,ちびネコキリン
246,unit246.csv,2,ちびウシネコ,ちびネコライオン
247,unit247.csv,0,ちびネコノトリ,ちびネコノトリ
247,unit247.csv,1,ちびネコノトリ,ちびネコUFO
247,unit247.csv,2,ちびネコノトリ,天空のちびネコ
248,unit248.csv,0,死にたてにゃんこ,死にたてにゃんこ
248,unit248.csv,1,死にたてにゃんこ,化けにゃんこ
248,unit248.csv,2,死にたてにゃんこ,復活にゃんこ
249,unit249.csv,0,剣士,剣士
249,unit249.csv,1,剣士,セーラー服剣士
249,unit249.csv,2,剣士,明王の剣士
250,unit250.csv,0,騎馬兵,騎馬兵
250,unit250.csv,1,騎馬兵,森の騎馬兵
250,unit250.csv,2,騎馬兵,迅雷の黒騎馬兵
251,unit251.csv,0,アシュラ,アシュラ
251,unit251.csv,1,アシュラ,武者アシュラ
251,unit251.csv,2,アシュラ,傾奇者アシュラ
252,unit252.csv,0,バトルバルーン,バトルバルーン
252,unit252.csv,1,バトルバルーン,海賊バトルバルーン
252,unit252.csv,2,バトルバルーン,バトルバルーンUFO
253,unit253.csv,0,ドラゴンライダー,ドラゴンライダー
253,unit253.csv,1,ドラゴンライダー,ボーンドラゴンライダー
253,unit253.csv,2,ドラゴンライダー,フレイムドラゴンライダー
254,unit254.csv,0,プリティキャット,プリティキャット
254,unit254.csv,1,プリティキャット,ラブリープリティキャット
254,unit254.csv,2,プリティキャット,サイバープリティキャット
255,unit255.csv,0,サイクロプス,サイクロプス
255,unit255.csv,1,サイクロプス,鋼鉄のサイクロプス
255,unit255.csv,2,サイクロプス,時空のサイクロプス
256,unit256.csv,0,ゴーレム,ゴーレム
256,unit256.csv,1,ゴーレム,うさぎゴーレム
256,unit256.csv,2,ゴーレム,ボルケーノゴーレム
257,unit257.csv,0,天空神ゼウス,天空神ゼウス
257,unit257.csv,1,天空神ゼウス,ギガントゼウス
257,unit257.csv,2,天空神ゼウス,Gギガントゼウス
258,unit258.csv,0,守護神アヌビス,守護神アヌビス
258,unit258.csv,1,守護神アヌビス,パーフェクトアヌビス
258,unit258.csv,2,守護神アヌビス,Ｇパーフェクトアヌビス
259,unit259.csv,0,美女神アフロディーテ,美女神アフロディーテ
259,unit259.csv,1,美女神アフロディーテ,メガロディーテ
259,unit259.csv,2,美女神アフロディーテ,Gメガロディーテ
260,unit260.csv,0,ネコウェイ,ネコウェイ
260,unit260.csv,1,ネコウェイ,ネコドローン
260,unit260.csv,2,ネコウェイ,ネコタイムマシン
261,unit261.csv,0,天誅ハヤブサ,天誅ハヤブサ
261,unit261.csv,1,天誅ハヤブサ,斬魔ハヤブサ
261,unit261.csv,2,天誅ハヤブサ,滅殺ハヤブサ
262,unit262.csv,0,ニャームス,ニャームス
262,unit262.csv,1,ニャームス,ネコニャームス
262,unit262.csv,2,ニャームス,ネコニャームス
263,unit263.csv,0,ポチ,ポチ
263,unit263.csv,1,ポチ,タンクポチ
263,unit263.csv,2,ポチ,タンクポチ
264,unit264.csv,0,クロミ,クロミ
264,unit264.csv,1,クロミ,クロミとにゃんこたち
264,unit264.csv,2,クロミ,クロミとにゃんこたち
265,unit265.csv,0,せつ子,せつ子
265,unit265.csv,1,せつ子,せつ子Love鯖
265,unit265.csv,2,せつ子,せつ子Love鯖
266,unit266.csv,0,ねば～る君,ねば～る君
266,unit266.csv,1,ねば～る君,ねば～る君とにゃんこ
266,unit266.csv,2,ねば～る君,ねば～る君とにゃんこ
267,unit267.csv,0,ネコタイフーン,ネコタイフーン
267,unit267.csv,1,ネコタイフーン,ネコハリケーン
267,unit267.csv,2,ネコタイフーン,ネコあらし
268,unit268.csv,0,ネコずきんミーニャ,ネコずきんミーニャ
268,unit268.csv,1,ネコずきんミーニャ,ラブリィずきんミーニャ
268,unit268.csv,2,ネコずきんミーニャ,覚醒ラブずきんミーニャ
269,unit269.csv,0,幼獣ガオ,幼獣ガオ
269,unit269.csv,1,幼獣ガオ,皇獣ガオウ
269,unit269.csv,2,幼獣ガオ,皇獣ガオウ
270,unit270.csv,0,狂乱のユキ,狂乱のユキ
270,unit270.csv,1,狂乱のユキ,狂乱のユキ＆ネコ
270,unit270.csv,2,狂乱のユキ,狂乱のネコ耳ユキ
271,unit271.csv,0,太陽神アマテラス,太陽神アマテラス
271,unit271.csv,1,太陽神アマテラス,テラアマテラス
271,unit271.csv,2,太陽神アマテラス,Gテラアマテラス
272,unit272.csv,0,繁栄神ガネーシャ,繁栄神ガネーシャ
272,unit272.csv,1,繁栄神ガネーシャ,ガネーシャエクサ
272,unit272.csv,2,繁栄神ガネーシャ,Gガネーシャエクサ
273,unit273.csv,0,チアにゃんこ,チアにゃんこ
273,unit273.csv,1,チアにゃんこ,ネコウエイトレス
273,unit273.csv,2,チアにゃんこ,にゃんこそば
274,unit274.csv,0,トロピカルカリファ,トロピカルカリファ
274,unit274.csv,1,トロピカルカリファ,トロピカルXカリファ
274,unit274.csv,2,トロピカルカリファ,トロピカルXカリファ
275,unit275.csv,0,真夏のホワイトラビット,真夏のホワイトラビット
275,unit275.csv,1,真夏のホワイトラビット,真夏のブラックキャット
275,unit275.csv,2,真夏のホワイトラビット,ブライトサマーキャット
276,unit276.csv,0,夏色ねねこ,夏色ねねこ
276,unit276.csv,1,夏色ねねこ,海辺のねねこ
276,unit276.csv,2,夏色ねねこ,初夏・海辺のねねこ
277,unit277.csv,0,なめこ,なめこ
277,unit277.csv,1,なめこ,なめこ＆にゃんこ
277,unit277.csv,2,なめこ,なめこ＆にゃんこ
278,unit278.csv,0,なめこタンク,なめこタンク
278,unit278.csv,1,なめこタンク,なめこタンク＆にゃんこ
278,unit278.csv,2,なめこタンク,なめこタンク＆にゃんこ
279,unit279.csv,0,白ネコなめこ,白ネコなめこ
279,unit279.csv,1,白ネコなめこ,キモ白ネコなめこ
279,unit279.csv,2,白ネコなめこ,キモ白ネコなめこ
280,unit280.csv,0,要塞なめこ,要塞なめこ
280,unit280.csv,1,要塞なめこ,なめこ＆要塞にゃんこ
280,unit280.csv,2,要塞なめこ,なめこ＆要塞にゃんこ
281,unit281.csv,0,ふてニャン,ふてニャン
281,unit281.csv,1,ふてニャン,モミモミふてニャン
281,unit281.csv,2,ふてニャン,モミモミふてニャン
282,unit282.csv,0,ネコ阿波踊り,ネコ阿波踊り
282,unit282.csv,1,ネコ阿波踊り,ネコソーラン
282,unit282.csv,2,ネコ阿波踊り,ネコ舞踊ゴージャス
283,unit283.csv,0,猫飯拳パイパイ,猫飯拳パイパイ
283,unit283.csv,1,猫飯拳パイパイ,猫飯拳パイパイZ
283,unit283.csv,2,猫飯拳パイパイ,猫拳王パイパイDX
284,unit284.csv,0,ネコ特急,ネコ特急
284,unit284.csv,1,ネコ特急,ネコ超特急
284,unit284.csv,2,ネコ特急,ネコエクスプレス
285,unit285.csv,0,286-1,286-1
285,unit285.csv,1,286-1,286-2
285,unit285.csv,2,286-1,286-3
286,unit286.csv,0,閃雷機兵レイ,閃雷機兵レイ
286,unit286.csv,1,閃雷機兵レイ,閃雷機兵プラズマレイ
286,unit286.csv,2,閃雷機兵レイ,閃雷輝兵ウイングレイ
287,unit287.csv,0,ネコ球児,ネコ球児
287,unit287.csv,1,ネコ球児,ネコリーガー
287,unit287.csv,2,ネコ球児,ネコゴルファー
288,unit288.csv,0,鹿目まどか,鹿目まどか
288,unit288.csv,1,鹿目まどか,まどか＆ネコ
288,unit288.csv,2,鹿目まどか,アルティメットまどか
289,unit289.csv,0,暁美ほむら,暁美ほむら
289,unit289.csv,1,暁美ほむら,ほむら＆ネコ
289,unit289.csv,2,暁美ほむら,悪魔ほむら
290,unit290.csv,0,美樹さやか,美樹さやか
290,unit290.csv,1,美樹さやか,さやか＆ネコ
290,unit290.csv,2,美樹さやか,さやか＆ネコ
291,unit291.csv,0,巴マミ,巴マミ
291,unit291.csv,1,巴マミ,マミ＆ネコ
291,unit291.csv,2,巴マミ,マミ＆ネコ
292,unit292.csv,0,佐倉杏子,佐倉杏子
292,unit292.csv,1,佐倉杏子,杏子＆ネコ
292,unit292.csv,2,佐倉杏子,杏子＆ネコ
293,unit293.csv,0,キュゥべえ,キュゥべえ
293,unit293.csv,1,キュゥべえ,キュゥべえ＆ネコ
293,unit293.csv,2,キュゥべえ,キュゥべえ＆ネコ
294,unit294.csv,0,ネコまどか,ネコまどか
294,unit294.csv,1,ネコまどか,魔法少女ネコまどか
294,unit294.csv,2,ネコまどか,魔法少女ネコまどか
295,unit295.csv,0,ネコほむら,ネコほむら
295,unit295.csv,1,ネコほむら,魔法少女ネコほむら
295,unit295.csv,2,ネコほむら,魔法少女ネコほむら
296,unit296.csv,0,ネコさやか,ネコさやか
296,unit296.csv,1,ネコさやか,魔法少女ネコさやか
296,unit296.csv,2,ネコさやか,魔法少女ネコさやか
297,unit297.csv,0,ネコマミ,ネコマミ
297,unit297.csv,1,ネコマミ,魔法少女ネコマミ
297,unit297.csv,2,ネコマミ,魔法少女ネコマミ
298,unit298.csv,0,ネコ杏子,ネコ杏子
298,unit298.csv,1,ネコ杏子,魔法少女ネコ杏子
298,unit298.csv,2,ネコ杏子,魔法少女ネコ杏子
299,unit299.csv,0,ちびまどか,ちびまどか
299,unit299.csv,1,ちびまどか,ちび魔法少女まどか
299,unit299.csv,2,ちびまどか,ちびアルティメットまどか
300,unit300.csv,0,ちびほむら,ちびほむら
300,unit300.csv,1,ちびほむら,ちび魔法少女ほむら
300,unit300.csv,2,ちびほむら,ちび悪魔ほむら
301,unit301.csv,0,ネコキュゥべえ,ネコキュゥべえ
301,unit301.csv,1,ネコキュゥべえ,タンクキュゥべえ
301,unit301.csv,2,ネコキュゥべえ,タンクキュゥべえ
302,unit302.csv,0,ネコアイスゴースト,ネコアイスゴースト
302,unit302.csv,1,ネコアイスゴースト,ネコアイスファントム
302,unit302.csv,2,ネコアイスゴースト,ネコアイスサキュバス
303,unit303.csv,0,ネコ屋台,ネコ屋台
303,unit303.csv,1,ネコ屋台,ネコの宅配便
303,unit303.csv,2,ネコ屋台,ネコ給食当番
304,unit304.csv,0,帝国陸軍カタパルズ,帝国陸軍カタパルズ
304,unit304.csv,1,帝国陸軍カタパルズ,撃滅戦車ギガパルド
304,unit304.csv,2,帝国陸軍カタパルズ,超撃滅戦車ギガパルド
304,unit304.csv,3,帝国陸軍カタパルズ,極撃滅戦車ギガパルド
305,unit305.csv,0,古代軍船ガレーズ,古代軍船ガレーズ
305,unit305.csv,1,古代軍船ガレーズ,無敵艦隊シーガレオン
305,unit305.csv,2,古代軍船ガレーズ,超無敵艦隊シーガレオン
305,unit305.csv,3,古代軍船ガレーズ,極無敵艦隊シーガレオン
306,unit306.csv,0,飛空襲撃ボンバーズ,飛空襲撃ボンバーズ
306,unit306.csv,1,飛空襲撃ボンバーズ,飛行戦艦ボルボンバー
306,unit306.csv,2,飛空襲撃ボンバーズ,超飛行戦艦ボルボンバー
306,unit306.csv,3,飛空襲撃ボンバーズ,極飛行戦艦ボルボンバー
307,unit307.csv,0,ネコジャンパー,ネコジャンパー
307,unit307.csv,1,ネコジャンパー,ネコボールター
307,unit307.csv,2,ネコジャンパー,ネコ奥様
308,unit308.csv,0,ネコバサミ,ネコバサミ
308,unit308.csv,1,ネコバサミ,ネコチェーンソー
308,unit308.csv,2,ネコバサミ,草刈りネコ
309,unit309.csv,0,ネコ博士,ネコ博士
309,unit309.csv,1,ネコ博士,ネコ博士＆ネコ
309,unit309.csv,2,ネコ博士,ネコ博士＆ネコ
310,unit310.csv,0,ネコナースキャンドル,ネコナースキャンドル
310,unit310.csv,1,ネコナースキャンドル,ネコナースマリア
310,unit310.csv,2,ネコナースキャンドル,ネコナースサンタマリア
311,unit311.csv,0,ちびネコフィッシュ,ちびネコフィッシュ
311,unit311.csv,1,ちびネコフィッシュ,ちびネコクジラ
311,unit311.csv,2,ちびネコフィッシュ,ちびネコ島
312,unit312.csv,0,ちびネコトカゲ,ちびネコトカゲ
312,unit312.csv,1,ちびネコトカゲ,ちびネコドラゴン
312,unit312.csv,2,ちびネコトカゲ,ちびネコキングドラゴン
313,unit313.csv,0,ちび巨神ネコ,ちび巨神ネコ
313,unit313.csv,1,ちび巨神ネコ,ちびネコダラボッチ
313,unit313.csv,2,ちび巨神ネコ,ちびネコジャラミ
314,unit314.csv,0,大掃除ねねこ,大掃除ねねこ
314,unit314.csv,1,大掃除ねねこ,初詣ねねこ
314,unit314.csv,2,大掃除ねねこ,新春・初詣ねねこ
315,unit315.csv,0,ピコ太郎,ピコ太郎
315,unit315.csv,1,ピコ太郎,ネコ太郎
315,unit315.csv,2,ピコ太郎,ネコ太郎
316,unit316.csv,0,海王神ポセイドン,海王神ポセイドン
316,unit316.csv,1,海王神ポセイドン,ポセイドラグーン
316,unit316.csv,2,海王神ポセイドン,Gポセイドラグーン
317,unit317.csv,0,CPAC,CPAC
317,unit317.csv,1,CPAC,PPAP
317,unit317.csv,2,CPAC,PPAP
318,unit318.csv,0,巫女姫ミタマ,巫女姫ミタマ
318,unit318.csv,1,巫女姫ミタマ,白無垢のミタマ
318,unit318.csv,2,巫女姫ミタマ,白無垢のミタマ
319,unit319.csv,0,殺意のネコ,殺意のネコ
319,unit319.csv,1,殺意のネコ,真・殺意のネコ
319,unit319.csv,2,殺意のネコ,改心のネコ
320,unit320.csv,0,321_1,321_1
320,unit320.csv,1,321_1,321_2
320,unit320.csv,2,321_1,321_3
321,unit321.csv,0,ナゾウサギ,ナゾウサギ
321,unit321.csv,1,ナゾウサギ,兎宮王道
321,unit321.csv,2,ナゾウサギ,兎宮王道
322,unit322.csv,0,さるかに合戦,さるかに合戦
322,unit322.csv,1,さるかに合戦,爆音楽奏サルカニヘヴン
322,unit322.csv,2,さるかに合戦,超音楽奏サルカニフェス
323,unit323.csv,0,宮木武蔵,宮木武蔵
323,unit323.csv,1,宮木武蔵,主演 宮木武蔵
323,unit323.csv,2,宮木武蔵,覚醒 宮木武蔵
324,unit324.csv,0,ネコストーン,ネコストーン
324,unit324.csv,1,ネコストーン,ネコクリーナー
324,unit324.csv,2,ネコストーン,ネコカメカー
325,unit325.csv,0,ネコボクサー,ネコボクサー
325,unit325.csv,1,ネコボクサー,ネコチャンピオン
325,unit325.csv,2,ネコボクサー,ネコリベンジ
326,unit326.csv,0,メビウス,メビウス
326,unit326.csv,1,メビウス,奇跡の調和メビウス
326,unit326.csv,2,メビウス,奇跡の調和メビウス
327,unit327.csv,0,ベリアル,ベリアル
327,unit327.csv,1,ベリアル,猛進の大逆者ベリアル
327,unit327.csv,2,ベリアル,猛進の大逆者ベリアル
328,unit328.csv,0,ハッピー100,ハッピー100
328,unit328.csv,1,ハッピー100,幸せ連鎖子ハッピー100
328,unit328.csv,2,ハッピー100,幸せ連鎖子ハッピー100
329,unit329.csv,0,ネコエッグ,ネコエッグ
329,unit329.csv,1,ネコエッグ,ネコエッグ２
329,unit329.csv,2,ネコエッグ,ネコエッグ３
330,unit330.csv,0,上杉謙信・春,上杉謙信・春
330,unit330.csv,1,上杉謙信・春,上杉謙信・春爛漫
330,unit330.csv,2,上杉謙信・春,上杉謙信・春うらら
331,unit331.csv,0,道化師エッグダック,道化師エッグダック
331,unit331.csv,1,道化師エッグダック,闇道化サイコダック
331,unit331.csv,2,道化師エッグダック,極悪道化マッドダック
332,unit332.csv,0,イースターねねこ,イースターねねこ
332,unit332.csv,1,イースターねねこ,イースターバニーねねこ
332,unit332.csv,2,イースターねねこ,開花・イースターバニーねねこ
333,unit333.csv,0,黒獣ガオウ,黒獣ガオウ
333,unit333.csv,1,黒獣ガオウ,皇獣ガオウダーク
333,unit333.csv,2,黒獣ガオウ,皇獣ガオウダーク
334,unit334.csv,0,狐娘ヒメユリ,狐娘ヒメユリ
334,unit334.csv,1,狐娘ヒメユリ,九尾の狐姫ヒメユリ
334,unit334.csv,2,狐娘ヒメユリ,豊穣の狐姫ヒメユリ
335,unit335.csv,0,人魚娘ルリィ,人魚娘ルリィ
335,unit335.csv,1,人魚娘ルリィ,宝玉の人魚姫ルリィ
335,unit335.csv,2,人魚娘ルリィ,竜宮の人魚姫ルリィ
336,unit336.csv,0,ミイラ娘レイカ,ミイラ娘レイカ
336,unit336.csv,1,ミイラ娘レイカ,玉座のミイラ姫レイカ
336,unit336.csv,2,ミイラ娘レイカ,黄金のミイラ姫レイカ
337,unit337.csv,0,プリンセスケリ姫号,プリンセスケリ姫号
337,unit337.csv,1,プリンセスケリ姫号,プリンセスケリ姫号CC
337,unit337.csv,2,プリンセスケリ姫号,プレミアムケリ姫号CC
338,unit338.csv,0,今川義元,今川義元
338,unit338.csv,1,今川義元,武神・今川義元
338,unit338.csv,2,今川義元,燐火の武神・今川義元
339,unit339.csv,0,3,3
340,unit340.csv,0,赤髪のゆきにゃん,赤髪のゆきにゃん
340,unit340.csv,1,赤髪のゆきにゃん,赤髪のビューティゆきにゃん
340,unit340.csv,2,赤髪のゆきにゃん,赤髪のビューティムキにゃん
341,unit341.csv,0,失われし世界のユキ,失われし世界のユキ
341,unit341.csv,1,失われし世界のユキ,失われし世界のユキ＆ネコ
341,unit341.csv,2,失われし世界のユキ,失われし世界のネコ耳ユキ
342,unit342.csv,0,ネコまねき,ネコまねき
342,unit342.csv,1,ネコまねき,ネコまねき・寿
342,unit342.csv,2,ネコまねき,ネコまねき・寿
343,unit343.csv,0,なめネコ,なめネコ
343,unit343.csv,1,なめネコ,ネコなめ
343,unit343.csv,2,なめネコ,ネコなめ
344,unit344.csv,0,オルトス,オルトス
344,unit344.csv,1,オルトス,オルトスCC
344,unit344.csv,2,オルトス,彩色のオルトスCC
345,unit345.csv,0,ミシェリア,ミシェリア
345,unit345.csv,1,ミシェリア,ミシェリアCC
345,unit345.csv,2,ミシェリア,午睡のミシェリアCC
346,unit346.csv,0,とどめき,とどめき
346,unit346.csv,1,とどめき,とどめきCC
346,unit346.csv,2,とどめき,とどめきCC
347,unit347.csv,0,ぐでたまにゃんこ,ぐでたまにゃんこ
347,unit347.csv,1,ぐでたまにゃんこ,ぐでオムにゃんこ
347,unit347.csv,2,ぐでたまにゃんこ,ぐでベネにゃんこ
348,unit348.csv,0,ぐでたまプレート,ぐでたまプレート
348,unit348.csv,1,ぐでたまプレート,ぐでたまベーコンプレート
348,unit348.csv,2,ぐでたまプレート,ぐでたまベーコンプレート
349,unit349.csv,0,ぐでぐでプリン,ぐでぐでプリン
349,unit349.csv,1,ぐでぐでプリン,ぐでぐでアラモード
349,unit349.csv,2,ぐでぐでプリン,ぐでぐでアラモード
350,unit350.csv,0,ニセたま軍団,ニセたま軍団
350,unit350.csv,1,ニセたま軍団,ネコニセたま軍団
350,unit350.csv,2,ニセたま軍団,ネコニセたま軍団
351,unit351.csv,0,双掌星のシシル＆コマリ,双掌星のシシル＆コマリ
351,unit351.csv,1,双掌星のシシル＆コマリ,双掌星のシシル＆コマリΦ
351,unit351.csv,2,双掌星のシシル＆コマリ,双輝星のシシル＆コマリΦ
352,unit352.csv,0,ネコ仙人,ネコ仙人
352,unit352.csv,1,ネコ仙人,ネコ老師
352,unit352.csv,2,ネコ仙人,仮面のネコ仙人
353,unit353.csv,0,チョコレート,チョコレート
353,unit353.csv,1,チョコレート,チョコレート進化
353,unit353.csv,2,チョコレート,354_3
354,unit354.csv,0,常夏の果実カイ,常夏の果実カイ
354,unit354.csv,1,常夏の果実カイ,常夏の果実カイμ
354,unit354.csv,2,常夏の果実カイ,常夏の果実カイμ
355,unit355.csv,0,観測兵器ガリレオ,観測兵器ガリレオ
355,unit355.csv,1,観測兵器ガリレオ,時空基地アルマゲドン
355,unit355.csv,2,観測兵器ガリレオ,超時空基地アルマゲドン
356,unit356.csv,0,ノラ,ノラ
356,unit356.csv,1,ノラ,覚醒ノラ
356,unit356.csv,2,ノラ,覚醒ノラ
357,unit357.csv,0,狼娘ディル,狼娘ディル
357,unit357.csv,1,狼娘ディル,虚飾の狼姫ディル
357,unit357.csv,2,狼娘ディル,道化の狼姫ディル
358,unit358.csv,0,ゾンビ娘ヴェルヴェーヌ,ゾンビ娘ヴェルヴェーヌ
358,unit358.csv,1,ゾンビ娘ヴェルヴェーヌ,死霊の花嫁ヴェルヴェーヌ
358,unit358.csv,2,ゾンビ娘ヴェルヴェーヌ,満腹の花嫁ヴェルヴェーヌ
359,unit359.csv,0,火の精霊メララ,火の精霊メララ
359,unit359.csv,1,火の精霊メララ,火炎の精霊メラバーン
359,unit359.csv,2,火の精霊メララ,火炎の精霊王メラバーニング
359,unit359.csv,3,火の精霊メララ,火炎の大精霊メラフェニックス
360,unit360.csv,0,水の精霊ミズリィ,水の精霊ミズリィ
360,unit360.csv,1,水の精霊ミズリィ,流水の精霊ミズマリン
360,unit360.csv,2,水の精霊ミズリィ,流水の精霊王ミズマリリン
360,unit360.csv,3,水の精霊ミズリィ,流水の大精霊ミズマリナーデ
361,unit361.csv,0,風の精霊エアル,風の精霊エアル
361,unit361.csv,1,風の精霊エアル,嵐の精霊エアフワン
361,unit361.csv,2,風の精霊エアル,嵐の精霊王エアフワンテ
361,unit361.csv,3,風の精霊エアル,嵐の大精霊エアフワンティ
362,unit362.csv,0,セイバー,セイバー
362,unit362.csv,1,セイバー,セイバーCC
362,unit362.csv,2,セイバー,セイバーオルタCC
363,unit363.csv,0,遠坂 凛,遠坂 凛
363,unit363.csv,1,遠坂 凛,遠坂 凛CC
363,unit363.csv,2,遠坂 凛,遠坂 凛CC
364,unit364.csv,0,イリヤスフィール,イリヤスフィール
364,unit364.csv,1,イリヤスフィール,イリヤスフィールCC
364,unit364.csv,2,イリヤスフィール,イリヤスフィールCC
365,unit365.csv,0,アーチャー,アーチャー
365,unit365.csv,1,アーチャー,アーチャーCC
365,unit365.csv,2,アーチャー,アーチャーCC
366,unit366.csv,0,ランサー,ランサー
366,unit366.csv,1,ランサー,ランサーCC
366,unit366.csv,2,ランサー,ランサーCC
367,unit367.csv,0,ライダー,ライダー
367,unit367.csv,1,ライダー,ライダーCC
367,unit367.csv,2,ライダー,ライダーCC
368,unit368.csv,0,ギルガメッシュ,ギルガメッシュ
368,unit368.csv,1,ギルガメッシュ,ギルガメッシュCC
368,unit368.csv,2,ギルガメッシュ,ギルガメッシュCC
369,unit369.csv,0,ネコセイバー,ネコセイバー
369,unit369.csv,1,ネコセイバー,英霊ネコセイバー
369,unit369.csv,2,ネコセイバー,ネコセイバーオルタ
370,unit370.csv,0,ネコ桜,ネコ桜
370,unit370.csv,1,ネコ桜,エプロンネコ桜
370,unit370.csv,2,ネコ桜,夢見るネコ桜
371,unit371.csv,0,ネコ凛,ネコ凛
371,unit371.csv,1,ネコ凛,魔術師ネコ凛
371,unit371.csv,2,ネコ凛,魔術師ネコ凛
372,unit372.csv,0,ネコイリヤ,ネコイリヤ
372,unit372.csv,1,ネコイリヤ,雪の妖精ネコイリヤ
372,unit372.csv,2,ネコイリヤ,雪の妖精ネコイリヤ
373,unit373.csv,0,ちび士郎,ちび士郎
373,unit373.csv,1,ちび士郎,ちび士郎CC
373,unit373.csv,2,ちび士郎,ちび士郎CC
374,unit374.csv,0,ちび桜,ちび桜
374,unit374.csv,1,ちび桜,ちび桜CC
374,unit374.csv,2,ちび桜,ちび桜CC
375,unit375.csv,0,記念ネコ,記念ネコ
375,unit375.csv,1,記念ネコ,記念ネコビルダー
375,unit375.csv,2,記念ネコ,記念ネコビルダー
376,unit376.csv,0,ネコ探査機,ネコ探査機
376,unit376.csv,1,ネコ探査機,ネコサーチMkⅡ
376,unit376.csv,2,ネコ探査機,ネコサテライト
377,unit377.csv,0,ネコフェンシング,ネコフェンシング
377,unit377.csv,1,ネコフェンシング,ネコ剣道
377,unit377.csv,2,ネコフェンシング,自由のネコ
378,unit378.csv,0,黒無垢のミタマ,黒無垢のミタマ
378,unit378.csv,1,黒無垢のミタマ,黒蝶のミタマダーク
378,unit378.csv,2,黒無垢のミタマ,黒蝶のミタマダーク
379,unit379.csv,0,ネコバレー,ネコバレー
379,unit379.csv,1,ネコバレー,ネコバレエ
379,unit379.csv,2,ネコバレー,ネコカレー
380,unit380.csv,0,幼傑ダルターニャ,幼傑ダルターニャ
380,unit380.csv,1,幼傑ダルターニャ,英傑ダルターニャ
380,unit380.csv,2,幼傑ダルターニャ,英傑ダルターニャ
381,unit381.csv,0,ねこ農家,ねこ農家
381,unit381.csv,1,ねこ農家,ねこカブ農家
381,unit381.csv,2,ねこ農家,ねこカブ農家
382,unit382.csv,0,ガラスネコ,ガラスネコ
382,unit382.csv,1,ガラスネコ,ガラスネコビルダー
382,unit382.csv,2,ガラスネコ,クリスタルネコビルダー
383,unit383.csv,0,謎仮面のウララー,謎仮面のウララー
383,unit383.csv,1,謎仮面のウララー,ネコ仮面のウララー
383,unit383.csv,2,謎仮面のウララー,ネコ神面のウララー
384,unit384.csv,0,氷上聡里＆ネコ,氷上聡里＆ネコ
384,unit384.csv,1,氷上聡里＆ネコ,氷上聡里＆ネコCC
384,unit384.csv,2,氷上聡里＆ネコ,氷上聡里＆ネコCC
385,unit385.csv,0,矢部明雄,矢部明雄
385,unit385.csv,1,矢部明雄,矢部明雄CC
385,unit385.csv,2,矢部明雄,矢部＆ガンダーロボCC
386,unit386.csv,0,虹谷彩理,虹谷彩理
386,unit386.csv,1,虹谷彩理,虹谷彩理CC
386,unit386.csv,2,虹谷彩理,虹谷彩理CC
387,unit387.csv,0,紺野美崎,紺野美崎
387,unit387.csv,1,紺野美崎,紺野美崎CC
387,unit387.csv,2,紺野美崎,紺野美崎CC
388,unit388.csv,0,片桐恋,片桐恋
388,unit388.csv,1,片桐恋,片桐恋CC
388,unit388.csv,2,片桐恋,片桐恋CC
389,unit389.csv,0,猫塚かりん,猫塚かりん
389,unit389.csv,1,猫塚かりん,猫塚かりんCC
389,unit389.csv,2,猫塚かりん,猫塚かりんCC
390,unit390.csv,0,早川あおい,早川あおい
390,unit390.csv,1,早川あおい,早川あおいCC
390,unit390.csv,2,早川あおい,野球マン１号CC
391,unit391.csv,0,橘みずき,橘みずき
391,unit391.csv,1,橘みずき,橘みずきCC
391,unit391.csv,2,橘みずき,野球マン２号CC
392,unit392.csv,0,六道聖,六道聖
392,unit392.csv,1,六道聖,六道聖CC
392,unit392.csv,2,六道聖,野球マン３号CC
393,unit393.csv,0,新島早紀,新島早紀
393,unit393.csv,1,新島早紀,新島早紀CC
393,unit393.csv,2,新島早紀,サンバ新島早紀CC
394,unit394.csv,0,星井スバル,星井スバル
394,unit394.csv,1,星井スバル,星井スバルCC
394,unit394.csv,2,星井スバル,暗黒スバルCC
395,unit395.csv,0,小山雅,小山雅
395,unit395.csv,1,小山雅,小山雅CC
395,unit395.csv,2,小山雅,野球マン５号CC
396,unit396.csv,0,古龍ガングリオン,古龍ガングリオン
396,unit396.csv,1,古龍ガングリオン,古龍王ガングリオン
396,unit396.csv,2,古龍ガングリオン,古龍皇帝ガングリオン
397,unit397.csv,0,風隼さくら,風隼さくら
397,unit397.csv,1,風隼さくら,JK風隼さくら
397,unit397.csv,2,風隼さくら,天誅・風隼さくら
397,unit397.csv,3,風隼さくら,天誅Z・風隼さくら
398,unit398.csv,0,ハニトンくん,ハニトンくん
398,unit398.csv,1,ハニトンくん,ハニトンくん＆にゃんこ
398,unit398.csv,2,ハニトンくん,ハニトンくん＆にゃんこ
399,unit399.csv,0,めんトリ,めんトリ
399,unit399.csv,1,めんトリ,めんトリCC
399,unit399.csv,2,めんトリ,めんトリCC
400,unit400.csv,0,イモウト,イモウト
400,unit400.csv,1,イモウト,イモウトCC
400,unit400.csv,2,イモウト,イモウトCC
401,unit401.csv,0,雷の精霊ボルト,雷の精霊ボルト
401,unit401.csv,1,雷の精霊ボルト,天雷の精霊ピカボルト
401,unit401.csv,2,雷の精霊ボルト,天雷の精霊王ギガボルト
402,unit402.csv,0,ちびシンジ,ちびシンジ
402,unit402.csv,1,ちびシンジ,プラグスーツのちびシンジ
402,unit402.csv,2,ちびシンジ,黒プラグスーツのちびシンジ
403,unit403.csv,0,ネコゲンドウ＆ネコ冬月,ネコゲンドウ＆ネコ冬月
403,unit403.csv,1,ネコゲンドウ＆ネコ冬月,月のネコゲンドウ＆ネコ冬月
403,unit403.csv,2,ネコゲンドウ＆ネコ冬月,月のネコゲンドウ＆ネコ冬月
404,unit404.csv,0,ネコキリン初号機,ネコキリン初号機
404,unit404.csv,1,ネコキリン初号機,ネコキリン２号機
404,unit404.csv,2,ネコキリン初号機,ネコキリン２号機
405,unit405.csv,0,ちびカヲル,ちびカヲル
405,unit405.csv,1,ちびカヲル,プラグスーツのちびカヲル
405,unit405.csv,2,ちびカヲル,月の少年ちびカヲル
406,unit406.csv,0,ネコレイ,ネコレイ
406,unit406.csv,1,ネコレイ,ネコアヤナミレイ（仮称）
406,unit406.csv,2,ネコレイ,ネコアヤナミレイ（仮称）
407,unit407.csv,0,ネコアスカ,ネコアスカ
407,unit407.csv,1,ネコアスカ,エプロンネコアスカ
407,unit407.csv,2,ネコアスカ,エプロンネコアスカ
408,unit408.csv,0,ネコマリ,ネコマリ
408,unit408.csv,1,ネコマリ,極秘入国ネコマリ
408,unit408.csv,2,ネコマリ,極秘入国ネコマリ
409,unit409.csv,0,ちびレイ,ちびレイ
409,unit409.csv,1,ちびレイ,プラグスーツのちびレイ
409,unit409.csv,2,ちびレイ,再会のちびレイ
410,unit410.csv,0,ちびアスカ,ちびアスカ
410,unit410.csv,1,ちびアスカ,プラグスーツのちびアスカ
410,unit410.csv,2,ちびアスカ,眼帯のちびアスカ
411,unit411.csv,0,ちびマリ,ちびマリ
411,unit411.csv,1,ちびマリ,プラグスーツのちびマリ
411,unit411.csv,2,ちびマリ,プラグスーツのちびマリ
412,unit412.csv,0,エヴァ零号機,エヴァ零号機
412,unit412.csv,1,エヴァ零号機,エヴァ零号機＆ネコ
412,unit412.csv,2,エヴァ零号機,エヴァ零号機＆ネコ
413,unit413.csv,0,エヴァ初号機,エヴァ初号機
413,unit413.csv,1,エヴァ初号機,エヴァ初号機＆ネコ
413,unit413.csv,2,エヴァ初号機,決意のエヴァ初号機＆ネコ
414,unit414.csv,0,エヴァ２号機,エヴァ２号機
414,unit414.csv,1,エヴァ２号機,エヴァ２号機＆ネコ
414,unit414.csv,2,エヴァ２号機,エヴァ改２号機コード７７７
415,unit415.csv,0,ネコシンジ,ネコシンジ
415,unit415.csv,1,ネコシンジ,ネコトウジ＆ネコケンスケ
415,unit415.csv,2,ネコシンジ,ネコトウジ＆ネコケンスケ
416,unit416.csv,0,ゼロムーンオペレーターズ,ゼロムーンオペレーターズ
416,unit416.csv,1,ゼロムーンオペレーターズ,ファーストムーンネルフ
416,unit416.csv,2,ゼロムーンオペレーターズ,ファーストムーンネルフ
417,unit417.csv,0,温泉天国テルマエ,温泉天国テルマエ
417,unit417.csv,1,温泉天国テルマエ,地底戦隊グランドン
417,unit417.csv,2,温泉天国テルマエ,超地底戦隊グランドン
417,unit417.csv,3,温泉天国テルマエ,極地底戦隊グランドン
418,unit418.csv,0,狂乱のもねこ,狂乱のもねこ
418,unit418.csv,1,狂乱のもねこ,狂乱のスターもねこ
418,unit418.csv,2,狂乱のもねこ,狂乱のスターもねこ
419,unit419.csv,0,ポコタ,ポコタ
419,unit419.csv,1,ポコタ,ポコタＣＣ
419,unit419.csv,2,ポコタ,ポコタＣＣ
420,unit420.csv,0,オビス,オビス
420,unit420.csv,1,オビス,オビスＣＣ
420,unit420.csv,2,オビス,オビスＣＣ
421,unit421.csv,0,ココ,ココ
421,unit421.csv,1,ココ,ココＣＣ
421,unit421.csv,2,ココ,ココＣＣ
422,unit422.csv,0,太秦萌＆ネコ,太秦萌＆ネコ
422,unit422.csv,1,太秦萌＆ネコ,太秦萌＆ネコＣＣ
422,unit422.csv,2,太秦萌＆ネコ,太秦萌＆ネコＣＣ
423,unit423.csv,0,松賀咲＆ネコ,松賀咲＆ネコ
423,unit423.csv,1,松賀咲＆ネコ,松賀咲＆ネコＣＣ
423,unit423.csv,2,松賀咲＆ネコ,松賀咲＆ネコＣＣ
424,unit424.csv,0,小野ミサ＆ネコ,小野ミサ＆ネコ
424,unit424.csv,1,小野ミサ＆ネコ,小野ミサ＆ネコＣＣ
424,unit424.csv,2,小野ミサ＆ネコ,小野ミサ＆ネコＣＣ
425,unit425.csv,0,太秦麗＆ネコ,太秦麗＆ネコ
425,unit425.csv,1,太秦麗＆ネコ,太秦麗＆ネコＣＣ
425,unit425.csv,2,太秦麗＆ネコ,太秦麗＆ネコＣＣ
426,unit426.csv,0,ぶんぶんネコライダー,ぶんぶんネコライダー
426,unit426.csv,1,ぶんぶんネコライダー,ぶんぶんロボライダー
426,unit426.csv,2,ぶんぶんネコライダー,ぶんぶんネコライダーL
427,unit427.csv,0,ネコクエスト,ネコクエスト
427,unit427.csv,1,ネコクエスト,ネコクエストXI
427,unit427.csv,2,ネコクエスト,ネコクエストXI-2
427,unit427.csv,3,ネコクエスト,ネコクエストヘブン
428,unit428.csv,0,そうまにゃん,そうまにゃん
428,unit428.csv,1,そうまにゃん,スマートそうまにゃん
428,unit428.csv,2,そうまにゃん,スマートそうまにゃん
429,unit429.csv,0,オタネコギーク,オタネコギーク
429,unit429.csv,1,オタネコギーク,ギークネコハッカー
429,unit429.csv,2,オタネコギーク,ギークネコハッカー
430,unit430.csv,0,ぐでネコマシン,ぐでネコマシン
430,unit430.csv,1,ぐでネコマシン,ぐでネコマシン・卵
430,unit430.csv,2,ぐでネコマシン,ぐでネコマシン・卵
431,unit431.csv,0,亡者探偵ヴィグラー,亡者探偵ヴィグラー
431,unit431.csv,1,亡者探偵ヴィグラー,魔界探偵グラヴィー
431,unit431.csv,2,亡者探偵ヴィグラー,魔神探偵グラヴィティー
431,unit431.csv,3,亡者探偵ヴィグラー,聖魔探偵ゼログラヴィティー
432,unit432.csv,0,433_1,433_1
432,unit432.csv,1,433_1,433_2
432,unit432.csv,2,433_1,433_3
433,unit433.csv,0,434_1,434_1
433,unit433.csv,1,434_1,434_2
433,unit433.csv,2,434_1,434_3
434,unit434.csv,0,白にゃんこ剣士,白にゃんこ剣士
434,unit434.csv,1,白にゃんこ剣士,黒にゃんこ剣士
434,unit434.csv,2,白にゃんこ剣士,黒にゃんこ剣士
435,unit435.csv,0,ちびネコヴァルキリー,ちびネコヴァルキリー
435,unit435.csv,1,ちびネコヴァルキリー,ちびネコヴァルキリー・華
435,unit435.csv,2,ちびネコヴァルキリー,ちびネコヴァルキリー・華
436,unit436.csv,0,ノビルガ,ノビルガ
436,unit436.csv,1,ノビルガ,ノビランパサラン
436,unit436.csv,2,ノビルガ,ノビランターバン
437,unit437.csv,0,激・神さま,激・神さま
437,unit437.csv,1,激・神さま,超・神さま
437,unit437.csv,2,激・神さま,超・神さまゴールデン
438,unit438.csv,0,灼熱のビーチクウ,灼熱のビーチクウ
438,unit438.csv,1,灼熱のビーチクウ,灼熱のビーチクウγ
438,unit438.csv,2,灼熱のビーチクウ,灼熱のビーチクウγ
439,unit439.csv,0,時空神クロノス,時空神クロノス
439,unit439.csv,1,時空神クロノス,クロノストリガー
439,unit439.csv,2,時空神クロノス,Gクロノストリガー
440,unit440.csv,0,ベベ,ベベ
440,unit440.csv,1,ベベ,なぎさ＆ネコ
440,unit440.csv,2,ベベ,円環の理の使者なぎさ
441,unit441.csv,0,影傑ダークダルターニャ,影傑ダークダルターニャ
441,unit441.csv,1,影傑ダークダルターニャ,黒傑ダークダルターニャ
441,unit441.csv,2,影傑ダークダルターニャ,黒傑ダークダルターニャ
442,unit442.csv,0,子連れにゃんこ,子連れにゃんこ
442,unit442.csv,1,子連れにゃんこ,ネコワゴンサービス
442,unit442.csv,2,子連れにゃんこ,ネコバケーション
443,unit443.csv,0,戦隊ドリラ,戦隊ドリラ
443,unit443.csv,1,戦隊ドリラ,戦隊パワードリラ
443,unit443.csv,2,戦隊ドリラ,シン・パワードリラ
444,unit444.csv,0,戦隊ウチコンガ,戦隊ウチコンガ
444,unit444.csv,1,戦隊ウチコンガ,戦隊パワーウチコンガ
444,unit444.csv,2,戦隊ウチコンガ,シン・パワーウチコンガ
445,unit445.csv,0,戦隊チョキンドス,戦隊チョキンドス
445,unit445.csv,1,戦隊チョキンドス,戦隊パワーチョキンドス
445,unit445.csv,2,戦隊チョキンドス,シン・パワーチョキンドス
446,unit446.csv,0,戦隊ショベリン,戦隊ショベリン
446,unit446.csv,1,戦隊ショベリン,戦隊パワーショベリン
446,unit446.csv,2,戦隊ショベリン,シン・パワーショベリン
447,unit447.csv,0,戦隊チャッソ,戦隊チャッソ
447,unit447.csv,1,戦隊チャッソ,戦隊パワーチャッソ
447,unit447.csv,2,戦隊チャッソ,シン・パワーチャッソ
448,unit448.csv,0,宮本武蔵,宮本武蔵
448,unit448.csv,1,宮本武蔵,剣神・宮本武蔵
448,unit448.csv,2,宮本武蔵,無双の剣神・宮本武蔵
449,unit449.csv,0,聖会長ジャンヌダルク,聖会長ジャンヌダルク
449,unit449.csv,1,聖会長ジャンヌダルク,聖会長ジャンヌダルクψ
449,unit449.csv,2,聖会長ジャンヌダルク,神聖会長ジャンヌダルクψ
450,unit450.csv,0,天城龍バベル,天城龍バベル
450,unit450.csv,1,天城龍バベル,魔城龍バベル
450,unit450.csv,2,天城龍バベル,天魔城龍バベル
451,unit451.csv,0,うしわか丸,うしわか丸
451,unit451.csv,1,うしわか丸,巨大神兵ベンケイ
451,unit451.csv,2,うしわか丸,巨大神兵ベンケイ
452,unit452.csv,0,古代ネコ,古代ネコ
452,unit452.csv,1,古代ネコ,現代ネコ
452,unit452.csv,2,古代ネコ,未来ネコ
453,unit453.csv,0,きたろう,きたろう
453,unit453.csv,1,きたろう,ゲゲゲの鬼太郎
453,unit453.csv,2,きたろう,ゲゲゲの鬼太郎
454,unit454.csv,0,目玉おやじ,目玉おやじ
454,unit454.csv,1,目玉おやじ,入浴おやじ
454,unit454.csv,2,目玉おやじ,入浴おやじ
455,unit455.csv,0,ワンダー・モモコ,ワンダー・モモコ
455,unit455.csv,1,ワンダー・モモコ,キューティー・モモコ
455,unit455.csv,2,ワンダー・モモコ,キューティー・モモコ
456,unit456.csv,0,間桐 桜,間桐 桜
456,unit456.csv,1,間桐 桜,間桐 桜CC
456,unit456.csv,2,間桐 桜,黒桜CC
457,unit457.csv,0,ネコ士郎,ネコ士郎
457,unit457.csv,1,ネコ士郎,魔術師見習いネコ士郎
457,unit457.csv,2,ネコ士郎,魔術師見習いネコ士郎
458,unit458.csv,0,アーチャーネコ,アーチャーネコ
458,unit458.csv,1,アーチャーネコ,英霊アーチャーネコ
458,unit458.csv,2,アーチャーネコ,英霊アーチャーネコ
459,unit459.csv,0,ネコライダー,ネコライダー
459,unit459.csv,1,ネコライダー,英霊ネコライダー
459,unit459.csv,2,ネコライダー,英霊ネコライダー
460,unit460.csv,0,ネコ言峰＆ネコギルガメッシュ,ネコ言峰＆ネコギルガメッシュ
460,unit460.csv,1,ネコ言峰＆ネコギルガメッシュ,ネコギルガメッシュ＆ネコ言峰
460,unit460.csv,2,ネコ言峰＆ネコギルガメッシュ,ネコギルガメッシュ＆ネコ言峰
461,unit461.csv,0,レジェルガ,レジェルガ
461,unit461.csv,1,レジェルガ,レジェランパサラン
461,unit461.csv,2,レジェルガ,レジェランパサラン
462,unit462.csv,0,フィリバスターX,フィリバスターX
462,unit462.csv,1,フィリバスターX,フィリバスターY
462,unit462.csv,2,フィリバスターX,メタフィリバスター
463,unit463.csv,0,終末兵器ムー,終末兵器ムー
463,unit463.csv,1,終末兵器ムー,極秘研究機関パンドラ
463,unit463.csv,2,終末兵器ムー,極秘研究機関パンドラ
464,unit464.csv,0,土偶戦士ドグ丸,土偶戦士ドグ丸
464,unit464.csv,1,土偶戦士ドグ丸,土偶戦士ドグえもん
464,unit464.csv,2,土偶戦士ドグ丸,覚醒戦士ドグえもん
465,unit465.csv,0,majimeow（仮）,majimeow（仮）
465,unit465.csv,1,majimeow（仮）,majimeow（仮）進化
465,unit465.csv,2,majimeow（仮）,majimeow（仮）進化
466,unit466.csv,0,ブラックゼウス,ブラックゼウス
466,unit466.csv,1,ブラックゼウス,闇次神子ブラックゼウス
466,unit466.csv,2,ブラックゼウス,闇次神子ブラックゼウス
467,unit467.csv,0,スーパーゼウス,スーパーゼウス
467,unit467.csv,1,スーパーゼウス,全能神スーパーゼウス
467,unit467.csv,2,スーパーゼウス,スーパーSゼウス
468,unit468.csv,0,聖フェニックス,聖フェニックス
468,unit468.csv,1,聖フェニックス,聖戦衣化聖フェニックス
468,unit468.csv,2,聖フェニックス,ヘッドロココ
469,unit469.csv,0,スーパーデビル,スーパーデビル
469,unit469.csv,1,スーパーデビル,偽神スーパーデビル
469,unit469.csv,2,スーパーデビル,スーパーDデビル
470,unit470.csv,0,サタンマリア,サタンマリア
470,unit470.csv,1,サタンマリア,ワンダーマリア
470,unit470.csv,2,サタンマリア,ワンダーマリア
471,unit471.csv,0,ヘラクライスト,ヘラクライスト
471,unit471.csv,1,ヘラクライスト,完璧ヘラクライスト
471,unit471.csv,2,ヘラクライスト,ブラックライスト
472,unit472.csv,0,ネロ魔身,ネロ魔身
472,unit472.csv,1,ネロ魔身,魔肖ネロ
472,unit472.csv,2,ネロ魔身,デカネロン
473,unit473.csv,0,ヤマト王子,ヤマト王子
473,unit473.csv,1,ヤマト王子,ヤマト神帝
473,unit473.csv,2,ヤマト王子,ヤマト爆神
474,unit474.csv,0,十字架天使,十字架天使
474,unit474.csv,1,十字架天使,クロスエンジェル
474,unit474.csv,2,十字架天使,ストライク天使
475,unit475.csv,0,ネコ若神子,ネコ若神子
475,unit475.csv,1,ネコ若神子,ネコ神帝
475,unit475.csv,2,ネコ若神子,ネコ神帝
476,unit476.csv,0,ネコデビル,ネコデビル
476,unit476.csv,1,ネコデビル,ネコ邪神
476,unit476.csv,2,ネコデビル,ネコ邪神
477,unit477.csv,0,ネコの助,ネコの助
477,unit477.csv,1,ネコの助,ネコ老守
477,unit477.csv,2,ネコの助,ネコ老守
478,unit478.csv,0,幻の精霊ルミナ,幻の精霊ルミナ
478,unit478.csv,1,幻の精霊ルミナ,夢幻の精霊ルミナリア
478,unit478.csv,2,幻の精霊ルミナ,夢幻の精霊ルミナリア
479,unit479.csv,0,グミネコ,グミネコ
479,unit479.csv,1,グミネコ,ラッキーネコ
479,unit479.csv,2,グミネコ,グミネコソーダ
480,unit480.csv,0,ねこ娘,ねこ娘
480,unit480.csv,1,ねこ娘,ネコねこ娘
480,unit480.csv,2,ねこ娘,ネコねこ娘
481,unit481.csv,0,超越科学者ヘヴン博士,超越科学者ヘヴン博士
481,unit481.csv,1,超越科学者ヘヴン博士,時空科学者アビス博士
481,unit481.csv,2,超越科学者ヘヴン博士,時空科学者アビス博士
482,unit482.csv,0,幸せを願った少年ソウマ,幸せを願った少年ソウマ
482,unit482.csv,1,幸せを願った少年ソウマ,幸せを願った少年ソウマ＆ネコ
482,unit482.csv,2,幸せを願った少年ソウマ,幸せを願ったネコ耳ソウマ
483,unit483.csv,0,カノとソウマ,カノとソウマ
483,unit483.csv,1,カノとソウマ,カノとソウマとネコ
483,unit483.csv,2,カノとソウマ,カノとソウマとネコ
484,unit484.csv,0,黒ちびネコヴァルキリー,黒ちびネコヴァルキリー
484,unit484.csv,1,黒ちびネコヴァルキリー,黒ちびネコヴァルキリー・紅
484,unit484.csv,2,黒ちびネコヴァルキリー,黒ちびネコヴァルキリー・紅
485,unit485.csv,0,カレット,カレット
485,unit485.csv,1,カレット,カレットCC
485,unit485.csv,2,カレット,カレットCC
486,unit486.csv,0,ひな,ひな
486,unit486.csv,1,ひな,剣士ひな
486,unit486.csv,2,ひな,剣士ひな
487,unit487.csv,0,エヴァ８号機,エヴァ８号機
487,unit487.csv,1,エヴァ８号機,エヴァ８号機＆ネコ
487,unit487.csv,2,エヴァ８号機,エヴァ８号機＆ネコ
488,unit488.csv,0,空中艦艇ネコヴンダー,空中艦艇ネコヴンダー
488,unit488.csv,1,空中艦艇ネコヴンダー,希望の船NNNネコヴンダー
488,unit488.csv,2,空中艦艇ネコヴンダー,神殺しの船NNNネコヴンダー
489,unit489.csv,0,ちびミサト,ちびミサト
489,unit489.csv,1,ちびミサト,ヴンダー艦長のちびミサト
489,unit489.csv,2,ちびミサト,ヴンダー艦長のちびミサト
490,unit490.csv,0,ちびリツコ,ちびリツコ
490,unit490.csv,1,ちびリツコ,ヴンダー副長のちびリツコ
490,unit490.csv,2,ちびリツコ,ヴンダー副長のちびリツコ
491,unit491.csv,0,ちびアヤナミレイ(仮称),ちびアヤナミレイ(仮称)
491,unit491.csv,1,ちびアヤナミレイ(仮称),目覚めのちびアヤナミ
491,unit491.csv,2,ちびアヤナミレイ(仮称),目覚めのちびアヤナミ
492,unit492.csv,0,493_1,493_1
492,unit492.csv,1,493_1,493_2
492,unit492.csv,2,493_1,493_3
493,unit493.csv,0,創造神ガイア,創造神ガイア
493,unit493.csv,1,創造神ガイア,ゴッドガイア
493,unit493.csv,2,創造神ガイア,ゴッドガイア
494,unit494.csv,0,潮風のセーラーカッパー,潮風のセーラーカッパー
494,unit494.csv,1,潮風のセーラーカッパー,潮風のセーラーカッパーκ
494,unit494.csv,2,潮風のセーラーカッパー,潮風のセーラーカッパーκ
495,unit495.csv,0,ネコマタドール,ネコマタドール
495,unit495.csv,1,ネコマタドール,ネコフラメンコ
495,unit495.csv,2,ネコマタドール,ネコエキゾチック
496,unit496.csv,0,成田甲斐,成田甲斐
496,unit496.csv,1,成田甲斐,武神・成田甲斐
496,unit496.csv,2,成田甲斐,豪炎姫の武神・成田甲斐
496,unit496.csv,3,成田甲斐,煉獄無双・成田甲斐
497,unit497.csv,0,498_1,498_1
497,unit497.csv,1,498_1,498_2
497,unit497.csv,2,498_1,498_3
498,unit498.csv,0,499_1,499_1
498,unit498.csv,1,499_1,499_2
498,unit498.csv,2,499_1,499_3
499,unit499.csv,0,500_1,500_1
499,unit499.csv,1,500_1,500_2
499,unit499.csv,2,500_1,500_3
500,unit500.csv,0,501_1,501_1
500,unit500.csv,1,501_1,501_2
500,unit500.csv,2,501_1,501_3
501,unit501.csv,0,ネコ兄弟S,ネコ兄弟S
501,unit501.csv,1,ネコ兄弟S,ネコバカ兄弟S
501,unit501.csv,2,ネコ兄弟S,ネコバカ兄弟S
502,unit502.csv,0,英雄令嬢メルシュ,英雄令嬢メルシュ
502,unit502.csv,1,英雄令嬢メルシュ,英雄令嬢メルシュξ
502,unit502.csv,2,英雄令嬢メルシュ,絢爛令嬢メルシュξ
503,unit503.csv,0,ネコ２Ｄ,ネコ２Ｄ
503,unit503.csv,1,ネコ２Ｄ,ネコ３Ｄ
503,unit503.csv,2,ネコ２Ｄ,ネコ３Ｄ
504,unit504.csv,0,おやじネコ(店主),おやじネコ(店主)
504,unit504.csv,1,おやじネコ(店主),おやじネコ(現役)
504,unit504.csv,2,おやじネコ(店主),おやじネコ(現役)
505,unit505.csv,0,角龍グラディオス,角龍グラディオス
505,unit505.csv,1,角龍グラディオス,角龍王グラディオス
505,unit505.csv,2,角龍グラディオス,角龍皇帝グラディオス
506,unit506.csv,0,アイウォルツ,アイウォルツ
506,unit506.csv,1,アイウォルツ,アイウォルツCC
506,unit506.csv,2,アイウォルツ,無名のアイウォルツCC
507,unit507.csv,0,スーパーにゃん,スーパーにゃん
507,unit507.csv,1,スーパーにゃん,ジャイにゃん
507,unit507.csv,2,スーパーにゃん,アイアンにゃん
508,unit508.csv,0,ネコリュウ,ネコリュウ
508,unit508.csv,1,ネコリュウ,ネコリュウCC
508,unit508.csv,2,ネコリュウ,ネコリュウCC
509,unit509.csv,0,ネコ春麗,ネコ春麗
509,unit509.csv,1,ネコ春麗,ネコ春麗CC
509,unit509.csv,2,ネコ春麗,ネコ春麗CC
510,unit510.csv,0,豪鬼,豪鬼
510,unit510.csv,1,豪鬼,豪鬼CC
510,unit510.csv,2,豪鬼,豪鬼CC
511,unit511.csv,0,リュウ,リュウ
511,unit511.csv,1,リュウ,リュウCC
511,unit511.csv,2,リュウ,影ナル者
512,unit512.csv,0,春麗,春麗
512,unit512.csv,1,春麗,春麗CC
512,unit512.csv,2,春麗,春麗CC
513,unit513.csv,0,ガイル,ガイル
513,unit513.csv,1,ガイル,ガイルCC
513,unit513.csv,2,ガイル,ガイルCC
514,unit514.csv,0,ザンギエフ,ザンギエフ
514,unit514.csv,1,ザンギエフ,ザンギエフCC
514,unit514.csv,2,ザンギエフ,ザンギエフCC
515,unit515.csv,0,ブランカ,ブランカ
515,unit515.csv,1,ブランカ,ブランカCC
515,unit515.csv,2,ブランカ,ブランカCC
516,unit516.csv,0,ダルシム,ダルシム
516,unit516.csv,1,ダルシム,ダルシムCC
516,unit516.csv,2,ダルシム,ダルシムCC
517,unit517.csv,0,ケン,ケン
517,unit517.csv,1,ケン,ケンCC
517,unit517.csv,2,ケン,紅蓮の格闘王ケン
518,unit518.csv,0,ゴウキリン,ゴウキリン
518,unit518.csv,1,ゴウキリン,ゴウキライオン
518,unit518.csv,2,ゴウキリン,ゴウキライオン
519,unit519.csv,0,ラスヴォース,ラスヴォース
519,unit519.csv,1,ラスヴォース,ファイナルラスヴォース
519,unit519.csv,2,ラスヴォース,シン・ラスヴォース
520,unit520.csv,0,ネコ七福神,ネコ七福神
520,unit520.csv,1,ネコ七福神,ネコ七福邪神
520,unit520.csv,2,ネコ七福神,ネコ七福邪神
521,unit521.csv,0,ネコメデューサ,ネコメデューサ
521,unit521.csv,1,ネコメデューサ,ネコツインテール
521,unit521.csv,2,ネコメデューサ,ネコナーガ
522,unit522.csv,0,泉のネコ女神,泉のネコ女神
522,unit522.csv,1,泉のネコ女神,ネコメダリスト
522,unit522.csv,2,泉のネコ女神,ネコ魔神
523,unit523.csv,0,ネコ武闘家,ネコ武闘家
523,unit523.csv,1,ネコ武闘家,ネコ師範
523,unit523.csv,2,ネコ武闘家,ネコマスター
524,unit524.csv,0,ソラカラちゃん,ソラカラちゃん
524,unit524.csv,1,ソラカラちゃん,ソラカラちゃん＆ネコ
524,unit524.csv,2,ソラカラちゃん,ソラカラちゃん＆ネコ
525,unit525.csv,0,きんたろう,きんたろう
525,unit525.csv,1,きんたろう,猛銃戦隊キンレンジャー
525,unit525.csv,2,きんたろう,超銃戦隊キンレンジャー
526,unit526.csv,0,冬天使のシシル＆コマリ,冬天使のシシル＆コマリ
526,unit526.csv,1,冬天使のシシル＆コマリ,冬天使のシシル＆コマリΦ
526,unit526.csv,2,冬天使のシシル＆コマリ,冬天使のシシル＆コマリΦ
527,unit527.csv,0,ネコスライム,ネコスライム
527,unit527.csv,1,ネコスライム,ネコゼリーフィッシュ
527,unit527.csv,2,ネコスライム,ネコゼリーまんじゅう
528,unit528.csv,0,ネコサック,ネコサック
528,unit528.csv,1,ネコサック,ネコウォッカ
528,unit528.csv,2,ネコサック,ネコ近衛兵
529,unit529.csv,0,厄災の子キャスリィ,厄災の子キャスリィ
529,unit529.csv,1,厄災の子キャスリィ,祝祭の聖女キャスリィ
529,unit529.csv,2,厄災の子キャスリィ,祝祭の聖女キャスリィ
530,unit530.csv,0,エルメ,エルメ
530,unit530.csv,1,エルメ,エルメCC
530,unit530.csv,2,エルメ,エルメCC
531,unit531.csv,0,ネコックマ,ネコックマ
531,unit531.csv,1,ネコックマ,ネコブラックマ
531,unit531.csv,2,ネコックマ,ネコックマンケン
532,unit532.csv,0,フェンリルとウルス,フェンリルとウルス
532,unit532.csv,1,フェンリルとウルス,ミケとウルス
532,unit532.csv,2,フェンリルとウルス,覚醒のミケとウルス
533,unit533.csv,0,マッドシューター・サキ,マッドシューター・サキ
533,unit533.csv,1,マッドシューター・サキ,ナイトバスター・サキ
533,unit533.csv,2,マッドシューター・サキ,バッドブラスター・サキ
534,unit534.csv,0,冥界神ハデス,冥界神ハデス
534,unit534.csv,1,冥界神ハデス,デスハーデス
534,unit534.csv,2,冥界神ハデス,Gデスハーデス
535,unit535.csv,0,初音ミク,初音ミク
535,unit535.csv,1,初音ミク,初音ミクCC
535,unit535.csv,2,初音ミク,初音ミクCC
536,unit536.csv,0,桜ミク,桜ミク
536,unit536.csv,1,桜ミク,桜ミクCC
536,unit536.csv,2,桜ミク,桜ミクCC
537,unit537.csv,0,鏡音リン＆レン,鏡音リン＆レン
537,unit537.csv,1,鏡音リン＆レン,鏡音リン＆レンCC
537,unit537.csv,2,鏡音リン＆レン,鏡音リン＆レンCC
538,unit538.csv,0,ネコミク,ネコミク
538,unit538.csv,1,ネコミク,ネコミクCC
538,unit538.csv,2,ネコミク,ネコミクCC
539,unit539.csv,0,ラガーにゃん,ラガーにゃん
539,unit539.csv,1,ラガーにゃん,ニャメフト
539,unit539.csv,2,ラガーにゃん,ニャッハー
540,unit540.csv,0,ネコU.F.O.,ネコU.F.O.
540,unit540.csv,1,ネコU.F.O.,ネコ焼そばU.F.O.
540,unit540.csv,2,ネコU.F.O.,ネコ焼そばU.F.O.
541,unit541.csv,0,ネコヤキソバン,ネコヤキソバン
541,unit541.csv,1,ネコヤキソバン,うまい!太い!大きい!ネコ
541,unit541.csv,2,ネコヤキソバン,うまい!太い!大きい!ネコ
542,unit542.csv,0,ネコ少年,ネコ少年
542,unit542.csv,1,ネコ少年,ネコ学生
542,unit542.csv,2,ネコ少年,ネコ学生
543,unit543.csv,0,禍根の魔女キャスリィ,禍根の魔女キャスリィ
543,unit543.csv,1,禍根の魔女キャスリィ,漆黒の魔女ダークキャスリィ
543,unit543.csv,2,禍根の魔女キャスリィ,漆黒の魔女ダークキャスリィ
544,unit544.csv,0,京坂七穂,京坂七穂
544,unit544.csv,1,京坂七穂,京坂七穂・真
544,unit544.csv,2,京坂七穂,京坂七穂・真
545,unit545.csv,0,ネコファントム,ネコファントム
545,unit545.csv,1,ネコファントム,ケムリネコ
545,unit545.csv,2,ネコファントム,ネコバブル
546,unit546.csv,0,オイルガ,オイルガ
546,unit546.csv,1,オイルガ,オイランパサラン
546,unit546.csv,2,オイルガ,スケランカクラン
547,unit547.csv,0,白夜姫のレイ,白夜姫のレイ
547,unit547.csv,1,白夜姫のレイ,白天姫のレイ
547,unit547.csv,2,白夜姫のレイ,白天姫のレイ
548,unit548.csv,0,第４の使徒,第４の使徒
548,unit548.csv,1,第４の使徒,第４のネコ使徒
548,unit548.csv,2,第４の使徒,第４のネコ使徒
549,unit549.csv,0,第６の使徒,第６の使徒
549,unit549.csv,1,第６の使徒,第６のネコ使徒
549,unit549.csv,2,第６の使徒,第６のネコ使徒
550,unit550.csv,0,第１０の使徒,第１０の使徒
550,unit550.csv,1,第１０の使徒,第１０のネコ使徒
550,unit550.csv,2,第１０の使徒,第１０のネコ使徒
551,unit551.csv,0,第９の使徒,第９の使徒
551,unit551.csv,1,第９の使徒,第９のネコ使徒
551,unit551.csv,2,第９の使徒,第９のネコ使徒
552,unit552.csv,0,ネコカヲル,ネコカヲル
552,unit552.csv,1,ネコカヲル,月面のネコカヲル
552,unit552.csv,2,ネコカヲル,月面のネコカヲル
553,unit553.csv,0,ネコベーカリー,ネコベーカリー
553,unit553.csv,1,ネコベーカリー,ネコブーメラン
553,unit553.csv,2,ネコベーカリー,ネコフライングチキン
554,unit554.csv,0,達人ウリル,達人ウリル
554,unit554.csv,1,達人ウリル,ネコ仮面のウリル
554,unit554.csv,2,達人ウリル,ネコ神面のウリル
555,unit555.csv,0,シャーマンカーン,シャーマンカーン
555,unit555.csv,1,シャーマンカーン,全情神シャーマンカーン
555,unit555.csv,2,シャーマンカーン,全情神シャーマンカーン
556,unit556.csv,0,騎神アリババ,騎神アリババ
556,unit556.csv,1,騎神アリババ,アリババ神帝
556,unit556.csv,2,騎神アリババ,ゴーストアリババ
557,unit557.csv,0,天子男ジャック,天子男ジャック
557,unit557.csv,1,天子男ジャック,神帝男ジャック
557,unit557.csv,2,天子男ジャック,神帝男ジャック
558,unit558.csv,0,レアガチャネコ,レアガチャネコ
558,unit558.csv,1,レアガチャネコ,福引ガチャネコ
558,unit558.csv,2,レアガチャネコ,福引ガチャネコ
559,unit559.csv,0,地獄警官エマ,地獄警官エマ
559,unit559.csv,1,地獄警官エマ,地獄軍曹エマ
559,unit559.csv,2,地獄警官エマ,閻魔総長エマ
560,unit560.csv,0,巡音ルカ,巡音ルカ
560,unit560.csv,1,巡音ルカ,巡音ルカCC
560,unit560.csv,2,巡音ルカ,巡音ルカCC
561,unit561.csv,0,MEIKO＆ネコ,MEIKO＆ネコ
561,unit561.csv,1,MEIKO＆ネコ,MEIKO＆ネコCC
561,unit561.csv,2,MEIKO＆ネコ,MEIKO＆ネコCC
562,unit562.csv,0,ネコルカ,ネコルカ
562,unit562.csv,1,ネコルカ,ネコルカCC
562,unit562.csv,2,ネコルカ,ネコルカCC
563,unit563.csv,0,アクアシューター・サキ,アクアシューター・サキ
563,unit563.csv,1,アクアシューター・サキ,アクアバスター・サキ
563,unit563.csv,2,アクアシューター・サキ,アクアブラスター・サキ
564,unit564.csv,0,ネコルガの夏,ネコルガの夏
564,unit564.csv,1,ネコルガの夏,ミワクノパサラン
564,unit564.csv,2,ネコルガの夏,ファビュラスパサラン
565,unit565.csv,0,日焼けネコ,日焼けネコ
565,unit565.csv,1,日焼けネコ,日焼けネコビルダー
565,unit565.csv,2,日焼けネコ,日焼けネコパーマ
566,unit566.csv,0,救命にゃんこ,救命にゃんこ
566,unit566.csv,1,救命にゃんこ,ダンゴにゃん兄弟
566,unit566.csv,2,救命にゃんこ,ネコジェラート
567,unit567.csv,0,チビクロプスネコタマゴ,チビクロプスネコタマゴ
567,unit567.csv,1,チビクロプスネコタマゴ,チビクロプスネコ
567,unit567.csv,2,チビクロプスネコタマゴ,雷電のチビクロプスネコ
568,unit568.csv,0,イディ:N,イディ:N
568,unit568.csv,1,イディ:N,イディ:N2
568,unit568.csv,2,イディ:N,イディ:NX
569,unit569.csv,0,石の精霊ゴロー,石の精霊ゴロー
569,unit569.csv,1,石の精霊ゴロー,岩石の精霊イワゴロー
569,unit569.csv,2,石の精霊ゴロー,岩石の精霊王ダイゴロー
570,unit570.csv,0,竜騎士スカルバルス,竜騎士スカルバルス
570,unit570.csv,1,竜騎士スカルバルス,ナイトメアバルス
570,unit570.csv,2,竜騎士スカルバルス,ハロウィンナイトバルス
571,unit571.csv,0,エドモンド本田,エドモンド本田
571,unit571.csv,1,エドモンド本田,エドモンド本田CC
571,unit571.csv,2,エドモンド本田,エドモンド本田CC
572,unit572.csv,0,バイソン,バイソン
572,unit572.csv,1,バイソン,バイソンCC
572,unit572.csv,2,バイソン,バイソンCC
573,unit573.csv,0,バルログ,バルログ
573,unit573.csv,1,バルログ,バルログCC
573,unit573.csv,2,バルログ,バルログCC
574,unit574.csv,0,サガット,サガット
574,unit574.csv,1,サガット,サガットCC
574,unit574.csv,2,サガット,サガットCC
575,unit575.csv,0,ベガ,ベガ
575,unit575.csv,1,ベガ,ベガCC
575,unit575.csv,2,ベガ,ベガCC
576,unit576.csv,0,ネコモンド本田,ネコモンド本田
576,unit576.csv,1,ネコモンド本田,ネコモンド本田CC
576,unit576.csv,2,ネコモンド本田,ネコモンド本田CC
577,unit577.csv,0,ネコバイソン,ネコバイソン
577,unit577.csv,1,ネコバイソン,ネコバイソンCC
577,unit577.csv,2,ネコバイソン,ネコバイソンCC
578,unit578.csv,0,ネコバルログ,ネコバルログ
578,unit578.csv,1,ネコバルログ,ネコバルログCC
578,unit578.csv,2,ネコバルログ,ネコバルログCC
579,unit579.csv,0,ネコサガット,ネコサガット
579,unit579.csv,1,ネコサガット,ネコサガットCC
579,unit579.csv,2,ネコサガット,ネコサガットCC
580,unit580.csv,0,ネコベガ,ネコベガ
580,unit580.csv,1,ネコベガ,ネコベガCC
580,unit580.csv,2,ネコベガ,ネコベガCC
581,unit581.csv,0,ごろにゃん,ごろにゃん
581,unit581.csv,1,ごろにゃん,ごろにゃーん
581,unit581.csv,2,ごろにゃん,ごろにゃーん
582,unit582.csv,0,初音ミク マジカルミライ2020大阪,初音ミク マジカルミライ2020大阪
582,unit582.csv,1,初音ミク マジカルミライ2020大阪,初音ミクCC マジカルミライ2020大阪
582,unit582.csv,2,初音ミク マジカルミライ2020大阪,初音ミクCC マジカルミライ2020大阪
583,unit583.csv,0,初音ミク マジカルミライ2020東京,初音ミク マジカルミライ2020東京
583,unit583.csv,1,初音ミク マジカルミライ2020東京,初音ミクCC マジカルミライ2020東京
583,unit583.csv,2,初音ミク マジカルミライ2020東京,初音ミクCC マジカルミライ2020東京
584,unit584.csv,0,前田サンタ慶次,前田サンタ慶次
584,unit584.csv,1,前田サンタ慶次,前田クリス慶次
584,unit584.csv,2,前田サンタ慶次,前田クリス慶次DX
585,unit585.csv,0,幼獣ガル,幼獣ガル
585,unit585.csv,1,幼獣ガル,帝獣ガルディアン
585,unit585.csv,2,幼獣ガル,帝獣ガルディアン
586,unit586.csv,0,ネコ王子,ネコ王子
586,unit586.csv,1,ネコ王子,ネコ国王
586,unit586.csv,2,ネコ王子,ネコ国王
587,unit587.csv,0,恋女神ショコラディーテ,恋女神ショコラディーテ
587,unit587.csv,1,恋女神ショコラディーテ,メガショコラディーテ
587,unit587.csv,2,恋女神ショコラディーテ,メガショコラディーテ
588,unit588.csv,0,初恋令嬢メルシュ,初恋令嬢メルシュ
588,unit588.csv,1,初恋令嬢メルシュ,初恋令嬢メルシュξ
588,unit588.csv,2,初恋令嬢メルシュ,初恋令嬢メルシュξ
589,unit589.csv,0,バレンタインねねこ,バレンタインねねこ
589,unit589.csv,1,バレンタインねねこ,バレンタインチョコねねこ
589,unit589.csv,2,バレンタインねねこ,本命・バレンタインねねこ
590,unit590.csv,0,雪ミク 2021,雪ミク 2021
590,unit590.csv,1,雪ミク 2021,雪ミクCC 2021
590,unit590.csv,2,雪ミク 2021,雪ミクCC 2021
591,unit591.csv,0,KAITO＆ネコ,KAITO＆ネコ
591,unit591.csv,1,KAITO＆ネコ,KAITO＆ネコCC
591,unit591.csv,2,KAITO＆ネコ,KAITO＆ネコCC
592,unit592.csv,0,ネコリン,ネコリン
592,unit592.csv,1,ネコリン,ネコリンCC
592,unit592.csv,2,ネコリン,ネコリンCC
593,unit593.csv,0,ネコレン,ネコレン
593,unit593.csv,1,ネコレン,ネコレンCC
593,unit593.csv,2,ネコレン,ネコレンCC
594,unit594.csv,0,空中商会コロンブス,空中商会コロンブス
594,unit594.csv,1,空中商会コロンブス,輸送兵団アトランチス
594,unit594.csv,2,空中商会コロンブス,超輸送兵団アトランチス
595,unit595.csv,0,春龍かむくら,春龍かむくら
595,unit595.csv,1,春龍かむくら,神春龍かむくら
595,unit595.csv,2,春龍かむくら,神春龍王かむくら
596,unit596.csv,0,早乙女乱馬(男),早乙女乱馬(男)
596,unit596.csv,1,早乙女乱馬(男),早乙女らんま(女)
596,unit596.csv,2,早乙女乱馬(男),早乙女らんま(女)
597,unit597.csv,0,天道あかね,天道あかね
597,unit597.csv,1,天道あかね,天道あかね(道着)
597,unit597.csv,2,天道あかね,天道あかね(道着)
598,unit598.csv,0,響良牙(ブタ),響良牙(ブタ)
598,unit598.csv,1,響良牙(ブタ),響良牙
598,unit598.csv,2,響良牙(ブタ),響良牙
599,unit599.csv,0,シャンプー(猫),シャンプー(猫)
599,unit599.csv,1,シャンプー(猫),シャンプー
599,unit599.csv,2,シャンプー(猫),シャンプー
600,unit600.csv,0,ムース(アヒル),ムース(アヒル)
600,unit600.csv,1,ムース(アヒル),ムース
600,unit600.csv,2,ムース(アヒル),ムース
601,unit601.csv,0,八宝斉,八宝斉
601,unit601.csv,1,八宝斉,八宝斉(エロじじい)
601,unit601.csv,2,八宝斉,八宝斉(エロじじい)
602,unit602.csv,0,久遠寺右京(男装),久遠寺右京(男装)
602,unit602.csv,1,久遠寺右京(男装),久遠寺右京
602,unit602.csv,2,久遠寺右京(男装),久遠寺右京
603,unit603.csv,0,九能帯刀(道着),九能帯刀(道着)
603,unit603.csv,1,九能帯刀(道着),九能帯刀
603,unit603.csv,2,九能帯刀(道着),九能帯刀
604,unit604.csv,0,ネコ乱馬(男),ネコ乱馬(男)
604,unit604.csv,1,ネコ乱馬(男),ネコらんま(女)
604,unit604.csv,2,ネコ乱馬(男),ネコらんま(女)
605,unit605.csv,0,ネコあかね,ネコあかね
605,unit605.csv,1,ネコあかね,ネコあかね(道着)
605,unit605.csv,2,ネコあかね,ネコあかね(道着)
606,unit606.csv,0,ネコパンダ,ネコパンダ
606,unit606.csv,1,ネコパンダ,ネコ玄馬
606,unit606.csv,2,ネコパンダ,ネコ玄馬
607,unit607.csv,0,冒険家カンナ,冒険家カンナ
607,unit607.csv,1,冒険家カンナ,大冒険少女カンナ
607,unit607.csv,2,冒険家カンナ,伝説の冒険少女カンナ
608,unit608.csv,0,ネコウエハース,ネコウエハース
608,unit608.csv,1,ネコウエハース,ネコウエハースBIG
608,unit608.csv,2,ネコウエハース,ネコウエハースBIG
609,unit609.csv,0,黒獣ガルディアン,黒獣ガルディアン
609,unit609.csv,1,黒獣ガルディアン,帝獣ダークガルディアン
609,unit609.csv,2,黒獣ガルディアン,帝獣ダークガルディアン
610,unit610.csv,0,金塊ネコ,金塊ネコ
610,unit610.csv,1,金塊ネコ,キングネコインゴット
610,unit610.csv,2,金塊ネコ,キングネコカーメン
611,unit611.csv,0,ネコゴジラ,ネコゴジラ
611,unit611.csv,1,ネコゴジラ,シン・ネコゴジラ
611,unit611.csv,2,ネコゴジラ,シン・ネコゴジラ
612,unit612.csv,0,ネコ王女,ネコ王女
612,unit612.csv,1,ネコ王女,ネコ女王
612,unit612.csv,2,ネコ王女,ネコ女王
613,unit613.csv,0,古神面ドロン,古神面ドロン
613,unit613.csv,1,古神面ドロン,ネコ神面ドロン
613,unit613.csv,2,古神面ドロン,覚醒ネコ神面ドロン
614,unit614.csv,0,渚のかぐやひめ,渚のかぐやひめ
614,unit614.csv,1,渚のかぐやひめ,南国衛星サンシャイン
614,unit614.csv,2,渚のかぐやひめ,南国衛星スーパーシャイン
615,unit615.csv,0,カブトネコ,カブトネコ
615,unit615.csv,1,カブトネコ,ゴールデンオオカブトネコ
615,unit615.csv,2,カブトネコ,ゴールデンオオカブトネコ
616,unit616.csv,0,クワガタネコ,クワガタネコ
616,unit616.csv,1,クワガタネコ,キングクワガタネコ
616,unit616.csv,2,クワガタネコ,キングクワガタネコ
617,unit617.csv,0,召喚少年サトル,召喚少年サトル
617,unit617.csv,1,召喚少年サトル,悪魔召喚サトル
617,unit617.csv,2,召喚少年サトル,デビルハンターサトル
618,unit618.csv,0,天草四郎,天草四郎
618,unit618.csv,1,天草四郎,魔神・天草四郎
618,unit618.csv,2,天草四郎,怨嗟の魔神・天草四郎
619,unit619.csv,0,妖賢女リリン,妖賢女リリン
619,unit619.csv,1,妖賢女リリン,妖賢女リリンπ
619,unit619.csv,2,妖賢女リリン,大賢女リリンπ
620,unit620.csv,0,邪龍ヘヴィジャーク,邪龍ヘヴィジャーク
620,unit620.csv,1,邪龍ヘヴィジャーク,邪龍王ヘヴィジャーク
620,unit620.csv,2,邪龍ヘヴィジャーク,邪龍皇帝ヘヴィジャーク
621,unit621.csv,0,悪魔研究家,悪魔研究家
621,unit621.csv,1,悪魔研究家,邪悪な悪魔研究家
621,unit621.csv,2,悪魔研究家,にゃんこ研究家
622,unit622.csv,0,ジャガンドーJr,ジャガンドーJr
622,unit622.csv,1,ジャガンドーJr,破壊神ジャガンドーJr
622,unit622.csv,2,ジャガンドーJr,破壊神ジャガンドーJr
623,unit623.csv,0,ネコハーメルン,ネコハーメルン
623,unit623.csv,1,ネコハーメルン,虚無僧ネコ
623,unit623.csv,2,ネコハーメルン,ネコブラスバンド
624,unit624.csv,0,熱血硬派くにおくん,熱血硬派くにおくん
624,unit624.csv,1,熱血硬派くにおくん,ドッジボール部くにおくん
624,unit624.csv,2,熱血硬派くにおくん,ドッジボール部くにおくん
625,unit625.csv,0,オコルガ,オコルガ
625,unit625.csv,1,オコルガ,オコランパサラン
625,unit625.csv,2,オコルガ,ゲキオコパサラン
626,unit626.csv,0,ネコキリンモドキ,ネコキリンモドキ
626,unit626.csv,1,ネコキリンモドキ,駿馬ネコキリンモドキ
626,unit626.csv,2,ネコキリンモドキ,駿馬ネコキリンモドキ
627,unit627.csv,0,ネコノトリッキー,ネコノトリッキー
627,unit627.csv,1,ネコノトリッキー,天馬ネコノトリッキー
627,unit627.csv,2,ネコノトリッキー,天馬ネコノトリッキー
628,unit628.csv,0,ネコノドラゴーン,ネコノドラゴーン
628,unit628.csv,1,ネコノドラゴーン,名馬ネコノドラゴーン
628,unit628.csv,2,ネコノドラゴーン,名馬ネコノドラゴーン
629,unit629.csv,0,洗脳されしネコ,洗脳されしネコ
629,unit629.csv,1,洗脳されしネコ,洗脳されしネコビルダー
629,unit629.csv,2,洗脳されしネコ,洗脳されしネコモヒカン
630,unit630.csv,0,ネコ書道,ネコ書道
630,unit630.csv,1,ネコ書道,ネコ茶道
630,unit630.csv,2,ネコ書道,ネコ茶道
631,unit631.csv,0,闇の精霊ヤミィ,闇の精霊ヤミィ
631,unit631.csv,1,闇の精霊ヤミィ,暗黒の精霊ヤミノワール
631,unit631.csv,2,闇の精霊ヤミィ,暗黒の精霊王ヤミノワールド
632,unit632.csv,0,超竜戦機デス・トロイ,超竜戦機デス・トロイ
632,unit632.csv,1,超竜戦機デス・トロイ,電磁戦機ディア・ボロス
632,unit632.csv,2,超竜戦機デス・トロイ,超電磁戦機ディア・ボロス
633,unit633.csv,0,舌切りすずめ,舌切りすずめ
633,unit633.csv,1,舌切りすずめ,妖怪結社チュンチュン
633,unit633.csv,2,舌切りすずめ,大妖怪結社チュンチュン
634,unit634.csv,0,白騎士キュクロプス,白騎士キュクロプス
634,unit634.csv,1,白騎士キュクロプス,黒騎士キュクロプス
634,unit634.csv,2,白騎士キュクロプス,神魔騎士キュクロプス
635,unit635.csv,0,100万ドルのネコ,100万ドルのネコ
635,unit635.csv,1,100万ドルのネコ,1億ドルのネコ
635,unit635.csv,2,100万ドルのネコ,1億ドルのネコ
636,unit636.csv,0,洗脳されしタンクネコ,洗脳されしタンクネコ
636,unit636.csv,1,洗脳されしタンクネコ,洗脳されしネコカベ
636,unit636.csv,2,洗脳されしタンクネコ,洗脳されしゴムネコ
637,unit637.csv,0,シャオチョン＆ネコ,シャオチョン＆ネコ
637,unit637.csv,1,シャオチョン＆ネコ,シャオチョン＆ネコCC
637,unit637.csv,2,シャオチョン＆ネコ,シャオチョン＆ネコCC
638,unit638.csv,0,ナナ＆ネコ,ナナ＆ネコ
638,unit638.csv,1,ナナ＆ネコ,ナナ＆ネコCC
638,unit638.csv,2,ナナ＆ネコ,ナナ＆ネコCC
639,unit639.csv,0,エミリア＆ネコ,エミリア＆ネコ
639,unit639.csv,1,エミリア＆ネコ,エミリア＆ネコCC
639,unit639.csv,2,エミリア＆ネコ,エミリア＆ネコCC
640,unit640.csv,0,ジェアー＆ネコ,ジェアー＆ネコ
640,unit640.csv,1,ジェアー＆ネコ,ジェアー＆ネコCC
640,unit640.csv,2,ジェアー＆ネコ,ジェアー＆ネコCC
641,unit641.csv,0,踊り子イズ,踊り子イズ
641,unit641.csv,1,踊り子イズ,魅惑の舞姫イズ
641,unit641.csv,2,踊り子イズ,魅惑の舞姫イズ
642,unit642.csv,0,堕天神ルシファー,堕天神ルシファー
642,unit642.csv,1,堕天神ルシファー,グランドルシファー
642,unit642.csv,2,堕天神ルシファー,Gグランドルシファー
643,unit643.csv,0,ネコ超人,ネコ超人
643,unit643.csv,1,ネコ超人,ネコ超人Ⅱ
643,unit643.csv,2,ネコ超人,真ネコ超人
644,unit644.csv,0,白い恋人メカ子,白い恋人メカ子
644,unit644.csv,1,白い恋人メカ子,ビタースイートメカ子
644,unit644.csv,2,白い恋人メカ子,LOVEミントメカ子
645,unit645.csv,0,洗脳されしバトルネコ,洗脳されしバトルネコ
645,unit645.csv,1,洗脳されしバトルネコ,洗脳されし勇者ネコ
645,unit645.csv,2,洗脳されしバトルネコ,洗脳されし暗黒ネコ
646,unit646.csv,0,爆竹ネコ,爆竹ネコ
646,unit646.csv,1,爆竹ネコ,爆竹ネコビルダー
646,unit646.csv,2,爆竹ネコ,爆竹ネコビルダー
647,unit647.csv,0,狩猟娘テルン,狩猟娘テルン
647,unit647.csv,1,狩猟娘テルン,狩猟娘テルンζ
647,unit647.csv,2,狩猟娘テルン,大狩猟娘テルンζ
648,unit648.csv,0,恋番長・鬼にゃんま,恋番長・鬼にゃんま
648,unit648.csv,1,恋番長・鬼にゃんま,恋愛番長・鬼神にゃんま
648,unit648.csv,2,恋番長・鬼にゃんま,恋愛番長・鬼神にゃんま
649,unit649.csv,0,服部半蔵,服部半蔵
649,unit649.csv,1,服部半蔵,忍神・服部半蔵
649,unit649.csv,2,服部半蔵,絶影の忍神・服部半蔵
650,unit650.csv,0,幼馴染にゃん子,幼馴染にゃん子
650,unit650.csv,1,幼馴染にゃん子,彼女にゃん子
650,unit650.csv,2,幼馴染にゃん子,彼女にゃん子
651,unit651.csv,0,おてんばネコライオン,おてんばネコライオン
651,unit651.csv,1,おてんばネコライオン,鉄仮面ネコライオン
651,unit651.csv,2,おてんばネコライオン,鉄仮面ネコライオン
652,unit652.csv,0,ネコクバンケシ,ネコクバンケシ
652,unit652.csv,1,ネコクバンケシ,ネコクバンチョウ
652,unit652.csv,2,ネコクバンケシ,ネコクバンチョウ
653,unit653.csv,0,古獣ナーラ,古獣ナーラ
653,unit653.csv,1,古獣ナーラ,雷古獣ナーラ
653,unit653.csv,2,古獣ナーラ,覚醒古獣ナーラ
654,unit654.csv,0,洗脳されしキモネコ,洗脳されしキモネコ
654,unit654.csv,1,洗脳されしキモネコ,洗脳されし美脚ネコ
654,unit654.csv,2,洗脳されしキモネコ,洗脳されしムキあしネコ
655,unit655.csv,0,氷の精霊フリズ,氷の精霊フリズ
655,unit655.csv,1,氷の精霊フリズ,氷結の精霊ブリザーナ
655,unit655.csv,2,氷の精霊フリズ,氷結の精霊王ブリザレーナ
656,unit656.csv,0,古びたタマゴ:N001,古びたタマゴ:N001
656,unit656.csv,1,古びたタマゴ:N001,謎のタマゴ:N001
656,unit656.csv,2,古びたタマゴ:N001,ネコはにわ
657,unit657.csv,0,悲嘆の踊り子イズ,悲嘆の踊り子イズ
657,unit657.csv,1,悲嘆の踊り子イズ,哀悼の舞姫ダークイズ
657,unit657.csv,2,悲嘆の踊り子イズ,哀悼の舞姫ダークイズ
658,unit658.csv,0,古びたタマゴ:N101,古びたタマゴ:N101
658,unit658.csv,1,古びたタマゴ:N101,赤いタマゴ:N101
658,unit658.csv,2,古びたタマゴ:N101,飛脚ネコ
659,unit659.csv,0,古びたタマゴ:N102,古びたタマゴ:N102
659,unit659.csv,1,古びたタマゴ:N102,青いタマゴ:N102
659,unit659.csv,2,古びたタマゴ:N102,ネコターさん
660,unit660.csv,0,海龍ダライアサン,海龍ダライアサン
660,unit660.csv,1,海龍ダライアサン,海龍王ダライアサン
660,unit660.csv,2,海龍ダライアサン,海龍皇帝ダライアサン
661,unit661.csv,0,祝福神クロノス,祝福神クロノス
661,unit661.csv,1,祝福神クロノス,ウェディングクロノス
661,unit661.csv,2,祝福神クロノス,ウェディングクロノス
662,unit662.csv,0,洗脳されしウシネコ,洗脳されしウシネコ
662,unit662.csv,1,洗脳されしウシネコ,洗脳されしネコキリン
662,unit662.csv,2,洗脳されしウシネコ,洗脳されしネコライオン
663,unit663.csv,0,古びたタマゴ:N103,古びたタマゴ:N103
663,unit663.csv,1,古びたタマゴ:N103,黒いタマゴ:N103
663,unit663.csv,2,古びたタマゴ:N103,ネコガスマスク
664,unit664.csv,0,古びたタマゴ:N104,古びたタマゴ:N104
664,unit664.csv,1,古びたタマゴ:N104,緑のタマゴ:N104
664,unit664.csv,2,古びたタマゴ:N104,ネコオペ
665,unit665.csv,0,古びたタマゴ:N201,古びたタマゴ:N201
665,unit665.csv,1,古びたタマゴ:N201,悪のタマゴ:N201
665,unit665.csv,2,古びたタマゴ:N201,ネコソシスト
666,unit666.csv,0,ナイトビーチリリン,ナイトビーチリリン
666,unit666.csv,1,ナイトビーチリリン,ナイトビーチリリンπ
666,unit666.csv,2,ナイトビーチリリン,ナイトビーチリリンπ
667,unit667.csv,0,洗脳されしネコノトリ,洗脳されしネコノトリ
667,unit667.csv,1,洗脳されしネコノトリ,洗脳されしネコUFO
667,unit667.csv,2,洗脳されしネコノトリ,洗脳されし天空のネコ
668,unit668.csv,0,ネコ天狗,ネコ天狗
668,unit668.csv,1,ネコ天狗,大妖怪ネコ天狗
668,unit668.csv,2,ネコ天狗,大神仙ネコ天狗
669,unit669.csv,0,古びたタマゴ:N003,古びたタマゴ:N003
669,unit669.csv,1,古びたタマゴ:N003,悪のタマゴ:N003
669,unit669.csv,2,古びたタマゴ:N003,ネコサボテン
670,unit670.csv,0,古びたタマゴ:N202,古びたタマゴ:N202
670,unit670.csv,1,古びたタマゴ:N202,赤いタマゴ:N202
670,unit670.csv,2,古びたタマゴ:N202,アーマードホタルネコ
671,unit671.csv,0,早乙女らんま(レオタード),早乙女らんま(レオタード)
671,unit671.csv,1,早乙女らんま(レオタード),早乙女らんま(チアガール)
671,unit671.csv,2,早乙女らんま(レオタード),早乙女らんま(チアガール)
672,unit672.csv,0,早乙女玄馬(パンダ),早乙女玄馬(パンダ)
672,unit672.csv,1,早乙女玄馬(パンダ),早乙女玄馬
672,unit672.csv,2,早乙女玄馬(パンダ),早乙女玄馬
673,unit673.csv,0,ネコチーター,ネコチーター
673,unit673.csv,1,ネコチーター,ネコチーター
673,unit673.csv,2,ネコチーター,ネコチーター
674,unit674.csv,0,周遊芸団カルーセルズ,周遊芸団カルーセルズ
674,unit674.csv,1,周遊芸団カルーセルズ,奇襲怪光エンヴァンズ
674,unit674.csv,2,周遊芸団カルーセルズ,超奇襲怪光エンヴァンズ
675,unit675.csv,0,古びたタマゴ:N105,古びたタマゴ:N105
675,unit675.csv,1,古びたタマゴ:N105,青いタマゴ:N105
675,unit675.csv,2,古びたタマゴ:N105,ネコスマッシュ
676,unit676.csv,0,古びたタマゴ:N106,古びたタマゴ:N106
676,unit676.csv,1,古びたタマゴ:N106,黄色いタマゴ:N106
676,unit676.csv,2,古びたタマゴ:N106,ネコキノコ
677,unit677.csv,0,三雲修＆ネコ,三雲修＆ネコ
677,unit677.csv,1,三雲修＆ネコ,三雲修＆ネコCC
677,unit677.csv,2,三雲修＆ネコ,三雲修＆ネコCC
678,unit678.csv,0,空閑遊真＆ネコ,空閑遊真＆ネコ
678,unit678.csv,1,空閑遊真＆ネコ,空閑遊真＆ネコCC
678,unit678.csv,2,空閑遊真＆ネコ,空閑遊真＆ネコCC
679,unit679.csv,0,雨取千佳＆ネコ,雨取千佳＆ネコ
679,unit679.csv,1,雨取千佳＆ネコ,雨取千佳＆ネコCC
679,unit679.csv,2,雨取千佳＆ネコ,雨取千佳＆ネコCC
680,unit680.csv,0,さくら,さくら
680,unit680.csv,1,さくら,さくらCC
680,unit680.csv,2,さくら,さくらCC
681,unit681.csv,0,ルーク,ルーク
681,unit681.csv,1,ルーク,ルークCC
681,unit681.csv,2,ルーク,ルークCC
682,unit682.csv,0,女神ベガ,女神ベガ
682,unit682.csv,1,女神ベガ,幻影の加護女神ベガ
682,unit682.csv,2,女神ベガ,虚影の加護女神ベガ
683,unit683.csv,0,伯爵・真田幸村,伯爵・真田幸村
683,unit683.csv,1,伯爵・真田幸村,吸血鬼・真田幸村
683,unit683.csv,2,伯爵・真田幸村,吸血鬼公爵・真田幸村
684,unit684.csv,0,洗脳されしネコフィッシュ,洗脳されしネコフィッシュ
684,unit684.csv,1,洗脳されしネコフィッシュ,洗脳されしネコクジラ
684,unit684.csv,2,洗脳されしネコフィッシュ,洗脳されしネコ島
685,unit685.csv,0,古びたタマゴ:N004,古びたタマゴ:N004
685,unit685.csv,1,古びたタマゴ:N004,謎のタマゴ:N004
685,unit685.csv,2,古びたタマゴ:N004,ネコスーパーカー
686,unit686.csv,0,光の女神シリウス,光の女神シリウス
686,unit686.csv,1,光の女神シリウス,来光の女神シリウス
686,unit686.csv,2,光の女神シリウス,来光の女神シリウス
687,unit687.csv,0,トナカイ娘テルン,トナカイ娘テルン
687,unit687.csv,1,トナカイ娘テルン,トナカイ娘テルンζ
687,unit687.csv,2,トナカイ娘テルン,トナカイ娘テルンζ
688,unit688.csv,0,洗脳されしネコトカゲ,洗脳されしネコトカゲ
688,unit688.csv,1,洗脳されしネコトカゲ,洗脳されしネコドラゴン
688,unit688.csv,2,洗脳されしネコトカゲ,洗脳されしネコキングドラゴン
689,unit689.csv,0,石の上にも10年ネコ,石の上にも10年ネコ
689,unit689.csv,1,石の上にも10年ネコ,石の上にも10年ネコ像
689,unit689.csv,2,石の上にも10年ネコ,石の上にも10年ネコ像
690,unit690.csv,0,運命の子フォノ,運命の子フォノ
690,unit690.csv,1,運命の子フォノ,天命の王フォノウ
690,unit690.csv,2,運命の子フォノ,天命の王フォノウ
691,unit691.csv,0,古びたタマゴ:N000,古びたタマゴ:N000
691,unit691.csv,1,古びたタマゴ:N000,古のタマゴ:N000
691,unit691.csv,2,古びたタマゴ:N000,猿人ネコルーザ
692,unit692.csv,0,いっすん法師,いっすん法師
692,unit692.csv,1,いっすん法師,鬼襲艇コヅチマル
692,unit692.csv,2,いっすん法師,鬼襲戦艇コヅチマル
693,unit693.csv,0,白執事探偵ヴィグラー,白執事探偵ヴィグラー
693,unit693.csv,1,白執事探偵ヴィグラー,黒執事探偵グラヴィー
693,unit693.csv,2,白執事探偵ヴィグラー,黒執事探偵グラヴィー
694,unit694.csv,0,洗脳されし巨神ネコ,洗脳されし巨神ネコ
694,unit694.csv,1,洗脳されし巨神ネコ,洗脳されしネコダラボッチ
694,unit694.csv,2,洗脳されし巨神ネコ,洗脳されしネコジャラミ
695,unit695.csv,0,殺意のタンクネコ,殺意のタンクネコ
695,unit695.csv,1,殺意のタンクネコ,真・殺意のタンクネコ
695,unit695.csv,2,殺意のタンクネコ,真・殺意のタンクネコ
696,unit696.csv,0,ネコ委員長,ネコ委員長
696,unit696.csv,1,ネコ委員長,裏ネコ委員長
696,unit696.csv,2,ネコ委員長,裏ネコ委員長
697,unit697.csv,0,古びたタマゴ:N107,古びたタマゴ:N107
697,unit697.csv,1,古びたタマゴ:N107,紫のタマゴ:N107
697,unit697.csv,2,古びたタマゴ:N107,ネコ村長
698,unit698.csv,0,サンダージャック,サンダージャック
698,unit698.csv,1,サンダージャック,ブラッディージャック
698,unit698.csv,2,サンダージャック,ライトニングジャック
699,unit699.csv,0,決闘少年ラビットサトル,決闘少年ラビットサトル
699,unit699.csv,1,決闘少年ラビットサトル,決闘王者ラビットサトル
699,unit699.csv,2,決闘少年ラビットサトル,決闘王者ラビットサトル
700,unit700.csv,0,古びたタマゴ:N005,古びたタマゴ:N005
700,unit700.csv,1,古びたタマゴ:N005,謎のタマゴ:N005
700,unit700.csv,2,古びたタマゴ:N005,ネコヒットマン
701,unit701.csv,0,にゃんこ仮面ライダー,にゃんこ仮面ライダー
701,unit701.csv,1,にゃんこ仮面ライダー,シン・仮面ライダーにゃんこ
701,unit701.csv,2,にゃんこ仮面ライダー,シン・仮面ライダーにゃんこ
702,unit702.csv,0,ゴジラにゃんこ,ゴジラにゃんこ
702,unit702.csv,1,ゴジラにゃんこ,シン・ゴジラにゃんこ
702,unit702.csv,2,ゴジラにゃんこ,シン・ゴジラにゃんこ
703,unit703.csv,0,エヴァンゲリオンにゃんこ,エヴァンゲリオンにゃんこ
703,unit703.csv,1,エヴァンゲリオンにゃんこ,シン・エヴァンゲリオンにゃんこ
703,unit703.csv,2,エヴァンゲリオンにゃんこ,シン・エヴァンゲリオンにゃんこ
704,unit704.csv,0,ウルトラマンにゃんこ,ウルトラマンにゃんこ
704,unit704.csv,1,ウルトラマンにゃんこ,シン・ウルトラマンにゃんこ
704,unit704.csv,2,ウルトラマンにゃんこ,シン・ウルトラマンにゃんこ
705,unit705.csv,0,非命の王フォノウ,非命の王フォノウ
705,unit705.csv,1,非命の王フォノウ,断命の王ダークフォノウ
705,unit705.csv,2,非命の王フォノウ,断命の王ダークフォノウ
706,unit706.csv,0,古びたタマゴ:N108,古びたタマゴ:N108
706,unit706.csv,1,古びたタマゴ:N108,青いタマゴ:N108
706,unit706.csv,2,古びたタマゴ:N108,ネコウォッシュ
707,unit707.csv,0,古びたタマゴ:N109,古びたタマゴ:N109
707,unit707.csv,1,古びたタマゴ:N109,悪のタマゴ:N109
707,unit707.csv,2,古びたタマゴ:N109,ネコバレル
708,unit708.csv,0,ネコジェット,ネコジェット
708,unit708.csv,1,ネコジェット,ネコ宮金次郎
708,unit708.csv,2,ネコジェット,ネコ宮金次郎
709,unit709.csv,0,隻眼の少女アスカ,隻眼の少女アスカ
709,unit709.csv,1,隻眼の少女アスカ,碧眼の魔女アスカ
709,unit709.csv,2,隻眼の少女アスカ,碧眼の魔女アスカ
710,unit710.csv,0,エヴァ第１３号機,エヴァ第１３号機
710,unit710.csv,1,エヴァ第１３号機,エヴァ第１３号機＆ネコ
710,unit710.csv,2,エヴァ第１３号機,エヴァ第１３号機＆ネコ
711,unit711.csv,0,バララガの誓い,バララガの誓い
711,unit711.csv,1,バララガの誓い,オヨメノパサラン
711,unit711.csv,2,バララガの誓い,オヨメノパサラン
712,unit712.csv,0,カオルガ,カオルガ
712,unit712.csv,1,カオルガ,カオランパサラン
712,unit712.csv,2,カオルガ,カオランタタラン
713,unit713.csv,0,古びたタマゴ:N203,古びたタマゴ:N203
713,unit713.csv,1,古びたタマゴ:N203,紫のタマゴ:N203
713,unit713.csv,2,古びたタマゴ:N203,ネコピエロ
714,unit714.csv,0,波打ち際の冒険家カンナ,波打ち際の冒険家カンナ
714,unit714.csv,1,波打ち際の冒険家カンナ,大海原のダイバーカンナ
714,unit714.csv,2,波打ち際の冒険家カンナ,大海原のダイバーカンナ
715,unit715.csv,0,建築兵団スフィンクス,建築兵団スフィンクス
715,unit715.csv,1,建築兵団スフィンクス,突撃部隊コンボーイズ
715,unit715.csv,2,建築兵団スフィンクス,超突撃部隊コンボーイズ
716,unit716.csv,0,古びたタマゴ:N111,古びたタマゴ:N111
716,unit716.csv,1,古びたタマゴ:N111,謎のタマゴ:N111
716,unit716.csv,2,古びたタマゴ:N111,ネコポリス
717,unit717.csv,0,古びたタマゴ:N110,古びたタマゴ:N110
717,unit717.csv,1,古びたタマゴ:N110,黄色いタマゴ:N110
717,unit717.csv,2,古びたタマゴ:N110,ネコファーマー
718,unit718.csv,0,ネコもろこし,ネコもろこし
718,unit718.csv,1,ネコもろこし,にゃんコーン
718,unit718.csv,2,ネコもろこし,にゃんコーン
719,unit719.csv,0,鉄の精霊カッチン,鉄の精霊カッチン
719,unit719.csv,1,鉄の精霊カッチン,鋼鉄の精霊テツカッチン
719,unit719.csv,2,鉄の精霊カッチン,鋼鉄の精霊王ガンテツカッチン
720,unit720.csv,0,古びたタマゴ:N006,古びたタマゴ:N006
720,unit720.csv,1,古びたタマゴ:N006,悪のタマゴ:N006
720,unit720.csv,2,古びたタマゴ:N006,ネコアックマ
721,unit721.csv,0,花園高校番長りき,花園高校番長りき
721,unit721.csv,1,花園高校番長りき,ドッジボール部りき
721,unit721.csv,2,花園高校番長りき,ドッジボール部りき
722,unit722.csv,0,初音ミク 16th,初音ミク 16th
722,unit722.csv,1,初音ミク 16th,初音ミクCC 16th
722,unit722.csv,2,初音ミク 16th,初音ミクCC 16th
723,unit723.csv,0,光翼神イシス,光翼神イシス
723,unit723.csv,1,光翼神イシス,ネフェルイシス
723,unit723.csv,2,光翼神イシス,Gネフェルイシス
724,unit724.csv,0,古びたタマゴ:N112,古びたタマゴ:N112
724,unit724.csv,1,古びたタマゴ:N112,謎のタマゴ:N112
724,unit724.csv,2,古びたタマゴ:N112,ネコタマ号
725,unit725.csv,0,忍者娘トモエ,忍者娘トモエ
725,unit725.csv,1,忍者娘トモエ,食道楽忍者トモエ
725,unit725.csv,2,忍者娘トモエ,美食極楽忍者トモエ
726,unit726.csv,0,ネコメダル王,ネコメダル王
726,unit726.csv,1,ネコメダル王,ネコメダル大王
726,unit726.csv,2,ネコメダル王,ネコメダル大王
727,unit727.csv,0,ソル・デ・ロカ,ソル・デ・ロカ
727,unit727.csv,1,ソル・デ・ロカ,ソル・デ・ロカCC
727,unit727.csv,2,ソル・デ・ロカ,ソル・デ・ロカCC
728,unit728.csv,0,論の賢者ソラクティス,論の賢者ソラクティス
728,unit728.csv,1,論の賢者ソラクティス,論の賢者ネコラティス
728,unit728.csv,2,論の賢者ソラクティス,論の賢者ネコラティス
729,unit729.csv,0,7,7
730,unit730.csv,0,古びたタマゴ:N204,古びたタマゴ:N204
730,unit730.csv,1,古びたタマゴ:N204,赤いタマゴ:N204
730,unit730.csv,2,古びたタマゴ:N204,ねこシシマイ
731,unit731.csv,0,暁のイザナギ,暁のイザナギ
731,unit731.csv,1,暁のイザナギ,暁光のイザナギ
731,unit731.csv,2,暁のイザナギ,暁光のイザナギ
732,unit732.csv,0,7,7
733,unit733.csv,0,鉄籠のペガサ,鉄籠のペガサ
733,unit733.csv,1,鉄籠のペガサ,鉄籠のペガサν
733,unit733.csv,2,鉄籠のペガサ,鉄籠のペガサν
734,unit734.csv,0,7,7
735,unit735.csv,0,ネコ校長,ネコ校長
735,unit735.csv,1,ネコ校長,ネコセカンドライフ
735,unit735.csv,2,ネコ校長,ネコセカンドライフ
736,unit736.csv,0,ネコアイスホワイトスター,ネコアイスホワイトスター
736,unit736.csv,1,ネコアイスホワイトスター,ネコアイストップスター
737,unit737.csv,0,スプリングカリファ,スプリングカリファ
737,unit737.csv,1,スプリングカリファ,スプリングXカリファ
737,unit737.csv,2,スプリングカリファ,スプリングXカリファ
738,unit738.csv,0,宵のイザナミ,宵のイザナミ
738,unit738.csv,1,宵のイザナミ,宵闇のイザナミ
739,unit739.csv,0,7,7
740,unit740.csv,0,741-1,741-1
740,unit740.csv,1,741-1,741-2
740,unit740.csv,2,741-1,741-2
741,unit741.csv,0,742-1,742-1
741,unit741.csv,1,742-1,742-2
741,unit741.csv,2,742-1,742-2
742,unit742.csv,0,743-1,743-1
742,unit742.csv,1,743-1,743-2
742,unit742.csv,2,743-1,743-2
743,unit743.csv,0,744-1,744-1
743,unit743.csv,1,744-1,744-2
743,unit743.csv,2,744-1,744-2
744,unit744.csv,0,745-1,745-1
744,unit744.csv,1,745-1,745-2
744,unit744.csv,2,745-1,745-2
745,unit745.csv,0,746-1,746-1
745,unit745.csv,1,746-1,746-2
745,unit745.csv,2,746-1,746-2
746,unit746.csv,0,緋村剣心,緋村剣心
746,unit746.csv,1,緋村剣心,緋村剣心CC
746,unit746.csv,2,緋村剣心,緋村剣心CC
747,unit747.csv,0,相楽左之助,相楽左之助
747,unit747.csv,1,相楽左之助,相楽左之助CC
747,unit747.csv,2,相楽左之助,相楽左之助CC
748,unit748.csv,0,四乃森蒼紫,四乃森蒼紫
748,unit748.csv,1,四乃森蒼紫,四乃森蒼紫CC
748,unit748.csv,2,四乃森蒼紫,四乃森蒼紫CC
749,unit749.csv,0,斎藤一,斎藤一
749,unit749.csv,1,斎藤一,斎藤一CC
749,unit749.csv,2,斎藤一,斎藤一CC
750,unit750.csv,0,ちび薫,ちび薫
750,unit750.csv,1,ちび薫,ちび薫CC
750,unit750.csv,2,ちび薫,ちび薫CC
751,unit751.csv,0,ちび弥彦,ちび弥彦
751,unit751.csv,1,ちび弥彦,ちび弥彦CC
751,unit751.csv,2,ちび弥彦,ちび弥彦CC
752,unit752.csv,0,ネコ剣心,ネコ剣心
752,unit752.csv,1,ネコ剣心,ネコ抜刀斎
752,unit752.csv,2,ネコ剣心,ネコ抜刀斎
753,unit753.csv,0,ネコ薫,ネコ薫
753,unit753.csv,1,ネコ薫,剣術小町ネコ薫
753,unit753.csv,2,ネコ薫,剣術小町ネコ薫
754,unit754.csv,0,明智光秀,明智光秀
754,unit754.csv,1,明智光秀,武神・明智光秀
754,unit754.csv,2,明智光秀,武神・明智光秀
755,unit755.csv,0,7,7
756,unit756.csv,0,ネコケーキマシン挙式,ネコケーキマシン挙式
756,unit756.csv,1,ネコケーキマシン挙式,ネコケーキマシン挙式・寿
756,unit756.csv,2,ネコケーキマシン挙式,ネコケーキマシン挙式・寿
757,unit757.csv,0,古びたタマゴ:N205,古びたタマゴ:N205
757,unit757.csv,1,古びたタマゴ:N205,紫のタマゴ:N205
757,unit757.csv,2,古びたタマゴ:N205,ネコ花嫁
758,unit758.csv,0,謎の傭兵トリクシー,謎の傭兵トリクシー
758,unit758.csv,1,謎の傭兵トリクシー,復讐の傭兵トリクシー
758,unit758.csv,2,謎の傭兵トリクシー,復讐の傭兵トリクシー
759,unit759.csv,0,サマーフェスサンディア,サマーフェスサンディア
759,unit759.csv,1,サマーフェスサンディア,サマーフェスサンディアβ
759,unit759.csv,2,サマーフェスサンディア,サマーフェスサンディアβ
760,unit760.csv,0,砲龍ガンドロス,砲龍ガンドロス
760,unit760.csv,1,砲龍ガンドロス,砲龍王ガンドロス
760,unit760.csv,2,砲龍ガンドロス,砲龍王ガンドロス
761,unit761.csv,0,7,7
762,unit762.csv,0,天空神スーパーゼウス,天空神スーパーゼウス
762,unit762.csv,1,天空神スーパーゼウス,ギガント全能神スーパーゼウス
762,unit762.csv,2,天空神スーパーゼウス,ギガント全能神スーパーゼウス
763,unit763.csv,0,ネコダイナザウルス,ネコダイナザウルス
763,unit763.csv,1,ネコダイナザウルス,メカ・ネコダイナザウルス
763,unit763.csv,2,ネコダイナザウルス,メカ・ネコダイナザウルス
764,unit764.csv,0,7,7
765,unit765.csv,0,古びたタマゴ:N206,古びたタマゴ:N206
765,unit765.csv,1,古びたタマゴ:N206,赤いタマゴ:N206
765,unit765.csv,2,古びたタマゴ:N206,ネコホタテ
766,unit766.csv,0,イワシ,イワシ
766,unit766.csv,1,イワシ,イワシCC
766,unit766.csv,2,イワシ,イワシCC
767,unit767.csv,0,イカ,イカ
767,unit767.csv,1,イカ,イカCC
767,unit767.csv,2,イカ,イカCC
768,unit768.csv,0,たいてんき,たいてんき
768,unit768.csv,1,たいてんき,たいてんきCC
768,unit768.csv,2,たいてんき,たいてんきCC
769,unit769.csv,0,花咲かじいさん,花咲かじいさん
769,unit769.csv,1,花咲かじいさん,暴食怪樹オオザクラ
769,unit769.csv,2,花咲かじいさん,暴食怪樹オオザクラ
770,unit770.csv,0,7,7
771,unit771.csv,0,生命の賢者Dr.ノーヴァ,生命の賢者Dr.ノーヴァ
771,unit771.csv,1,生命の賢者Dr.ノーヴァ,生命の賢者ネコノーヴァ
771,unit771.csv,2,生命の賢者Dr.ノーヴァ,生命の賢者ネコノーヴァ
772,unit772.csv,0,パンプキンソドム,パンプキンソドム
772,unit772.csv,1,パンプキンソドム,ソドム・オー・ランタン
772,unit772.csv,2,パンプキンソドム,ソドム・オー・ランタン
773,unit773.csv,0,スモウ・ザ・ミイラ,スモウ・ザ・ミイラ
773,unit773.csv,1,スモウ・ザ・ミイラ,マミー・ザ・ハロウィン
773,unit773.csv,2,スモウ・ザ・ミイラ,マミー・ザ・ハロウィン
774,unit774.csv,0,特命機動アクセル,特命機動アクセル
774,unit774.csv,1,特命機動アクセル,ダーティー・アクセル
774,unit774.csv,2,特命機動アクセル,ダーティー・アクセル
775,unit775.csv,0,7,7
776,unit776.csv,0,見習い武者ネコ,見習い武者ネコ
776,unit776.csv,1,見習い武者ネコ,武将ネコ
776,unit776.csv,2,見習い武者ネコ,武将ネコ
777,unit777.csv,0,冬将軍・成田甲斐,冬将軍・成田甲斐
777,unit777.csv,1,冬将軍・成田甲斐,冬大将軍・成田甲斐
777,unit777.csv,2,冬将軍・成田甲斐,冬大将軍・成田甲斐
778,unit778.csv,0,ネコまどか＆ほむら,ネコまどか＆ほむら
778,unit778.csv,1,ネコまどか＆ほむら,魔法結社にゃんこ☆マギカ
778,unit778.csv,2,ネコまどか＆ほむら,魔法結社にゃんこ☆マギカ
779,unit779.csv,0,幼天女ルーナ,幼天女ルーナ
779,unit779.csv,1,幼天女ルーナ,救済の天女ルナーシャ
779,unit779.csv,2,幼天女ルーナ,救済の天女ルナーシャ
780,unit780.csv,0,ネコボウラー,ネコボウラー
780,unit780.csv,1,ネコボウラー,ネコドッジボウラー
780,unit780.csv,2,ネコボウラー,ネコドッジボウラー
781,unit781.csv,0,マモルガ,マモルガ
781,unit781.csv,1,マモルガ,マモランパサラン
781,unit781.csv,2,マモルガ,マモランパサラン
782,unit782.csv,0,7,7
783,unit783.csv,0,こねこ,こねこ
783,unit783.csv,1,こねこ,超スターこねこ
783,unit783.csv,2,こねこ,超スターこねこ
784,unit784.csv,0,チョコサプネコC,チョコサプネコC
784,unit784.csv,1,チョコサプネコC,チョコサプネコF
784,unit784.csv,2,チョコサプネコC,チョコサプネコF
785,unit785.csv,0,殺意のキモネコ,殺意のキモネコ
785,unit785.csv,1,殺意のキモネコ,真・殺意のキモネコ
785,unit785.csv,2,殺意のキモネコ,真・殺意のキモネコ
786,unit786.csv,0,マジシャンキャットマン,マジシャンキャットマン
786,unit786.csv,1,マジシャンキャットマン,イリュージョンキャットマン
786,unit786.csv,2,マジシャンキャットマン,イリュージョンキャットマン
787,unit787.csv,0,冥護の天女ルナーシャ,冥護の天女ルナーシャ
787,unit787.csv,1,冥護の天女ルナーシャ,寂滅の天女ダークルナーシャ
787,unit787.csv,2,冥護の天女ルナーシャ,寂滅の天女ダークルナーシャ
788,unit788.csv,0,789-1,789-1
788,unit788.csv,1,789-1,789-2
788,unit788.csv,2,789-1,789-2
789,unit789.csv,0,範馬刃牙,範馬刃牙
789,unit789.csv,1,範馬刃牙,範馬刃牙CC
789,unit789.csv,2,範馬刃牙,範馬刃牙CC
790,unit790.csv,0,烈海王,烈海王
790,unit790.csv,1,烈海王,烈海王CC
790,unit790.csv,2,烈海王,烈海王CC
791,unit791.csv,0,花山薫,花山薫
791,unit791.csv,1,花山薫,花山薫CC
791,unit791.csv,2,花山薫,花山薫CC
792,unit792.csv,0,愚地克巳,愚地克巳
792,unit792.csv,1,愚地克巳,愚地克巳CC
792,unit792.csv,2,愚地克巳,愚地克巳CC
793,unit793.csv,0,ジャック・ハンマー,ジャック・ハンマー
793,unit793.csv,1,ジャック・ハンマー,ジャック・ハンマーCC
793,unit793.csv,2,ジャック・ハンマー,ジャック・ハンマーCC
794,unit794.csv,0,ネコオーガ,ネコオーガ
794,unit794.csv,1,ネコオーガ,ネコの貌
794,unit794.csv,2,ネコオーガ,ネコの貌
795,unit795.csv,0,ちび刃牙,ちび刃牙
795,unit795.csv,1,ちび刃牙,ちび刃牙CC
795,unit795.csv,2,ちび刃牙,ちび刃牙CC
796,unit796.csv,0,ネコ刃牙,ネコ刃牙
796,unit796.csv,1,ネコ刃牙,ネコ刃牙CC
796,unit796.csv,2,ネコ刃牙,ネコ刃牙CC
797,unit797.csv,0,ネコ海王,ネコ海王
797,unit797.csv,1,ネコ海王,ネコ海王CC
797,unit797.csv,2,ネコ海王,ネコ海王CC
798,unit798.csv,0,ネコ独歩,ネコ独歩
798,unit798.csv,1,ネコ独歩,ネコ独歩CC
798,unit798.csv,2,ネコ独歩,ネコ独歩CC
799,unit799.csv,0,曲射砲台ランチャーズ,曲射砲台ランチャーズ
799,unit799.csv,1,曲射砲台ランチャーズ,迎撃砲隊ガンハウザー
799,unit799.csv,2,曲射砲台ランチャーズ,迎撃砲隊ガンハウザー
800,unit800.csv,0,8,8
801,unit801.csv,0,理の賢者ニュトーン,理の賢者ニュトーン
801,unit801.csv,1,理の賢者ニュトーン,理の賢者ニャトーン
801,unit801.csv,2,理の賢者ニュトーン,理の賢者ニャトーン
802,unit802.csv,0,8,8
803,unit803.csv,0,ソニック,ソニック
803,unit803.csv,1,ソニック,ソニック＆ネコ
803,unit803.csv,2,ソニック,ソニック＆ネコ
804,unit804.csv,0,テイルス,テイルス
804,unit804.csv,1,テイルス,テイルス＆ネコ
804,unit804.csv,2,テイルス,テイルス＆ネコ
805,unit805.csv,0,ナックルズ,ナックルズ
805,unit805.csv,1,ナックルズ,ナックルズ＆ネコ
805,unit805.csv,2,ナックルズ,ナックルズ＆ネコ
806,unit806.csv,0,シャドウ,シャドウ
806,unit806.csv,1,シャドウ,シャドウ＆ネコ
806,unit806.csv,2,シャドウ,シャドウ＆ネコ
807,unit807.csv,0,ネコソニック,ネコソニック
807,unit807.csv,1,ネコソニック,ネコソニックCC
807,unit807.csv,2,ネコソニック,ネコソニックCC
808,unit808.csv,0,ネコテイルス,ネコテイルス
808,unit808.csv,1,ネコテイルス,ネコテイルスCC
808,unit808.csv,2,ネコテイルス,ネコテイルスCC
809,unit809.csv,0,ネコシャドウ,ネコシャドウ
809,unit809.csv,1,ネコシャドウ,ネコシャドウCC
809,unit809.csv,2,ネコシャドウ,ネコシャドウCC
810,unit810.csv,0,エージェント・スタール,エージェント・スタール
810,unit810.csv,1,エージェント・スタール,エッジマスター・スタール
810,unit810.csv,2,エージェント・スタール,エッジマスター・スタール
811,unit811.csv,0,韋駄天スカンダ,韋駄天スカンダ
811,unit811.csv,1,韋駄天スカンダ,スカンダゼタ
811,unit811.csv,2,韋駄天スカンダ,スカンダゼタ
812,unit812.csv,0,8,8
813,unit813.csv,0,タスマニアオオガニ,タスマニアオオガニ
813,unit813.csv,1,タスマニアオオガニ,タスマニアオオガニCC
813,unit813.csv,2,タスマニアオオガニ,タスマニアオオガニCC
814,unit814.csv,0,エヴァ量産機,エヴァ量産機
814,unit814.csv,1,エヴァ量産機,エヴァネコ量産機
814,unit814.csv,2,エヴァ量産機,エヴァネコ量産機
815,unit815.csv,0,月影の少年カヲル,月影の少年カヲル
815,unit815.csv,1,月影の少年カヲル,落月のシ者カヲル
816,unit816.csv,0,8,8
817,unit817.csv,0,樹の精霊コモリ,樹の精霊コモリ
817,unit817.csv,1,樹の精霊コモリ,樹木の精霊モリリン
817,unit817.csv,2,樹の精霊コモリ,樹木の精霊モリリン
818,unit818.csv,0,8,8
819,unit819.csv,0,ネコ大工,ネコ大工
819,unit819.csv,1,ネコ大工,ネコラッパー
819,unit819.csv,2,ネコ大工,ネコラッパー
820,unit820.csv,0,シーサイドペガサ,シーサイドペガサ
820,unit820.csv,1,シーサイドペガサ,シーサイドペガサν
820,unit820.csv,2,シーサイドペガサ,シーサイドペガサν
821,unit821.csv,0,8,8
822,unit822.csv,0,ネココンサルタント,ネココンサルタント
822,unit822.csv,1,ネココンサルタント,ネコビジネスパートナー
822,unit822.csv,2,ネココンサルタント,ネコビジネスパートナー
823,unit823.csv,0,ネコ店長＆ネコ店員,ネコ店長＆ネコ店員
823,unit823.csv,1,ネコ店長＆ネコ店員,ネコ店長＆ネコ店員CC
823,unit823.csv,2,ネコ店長＆ネコ店員,ネコ店長＆ネコ店員CC
824,unit824.csv,0,魔導師シドミ,魔導師シドミ
824,unit824.csv,1,魔導師シドミ,炎の大魔導師シドミ
824,unit824.csv,2,魔導師シドミ,炎の大魔導師シドミ
825,unit825.csv,0,8,8
826,unit826.csv,0,キャミィ,キャミィ
826,unit826.csv,1,キャミィ,キャミィCC
826,unit826.csv,2,キャミィ,キャミィCC
827,unit827.csv,0,ジュリ,ジュリ
827,unit827.csv,1,ジュリ,ジュリCC
827,unit827.csv,2,ジュリ,ジュリCC
828,unit828.csv,0,ネコザンギエフ,ネコザンギエフ
828,unit828.csv,1,ネコザンギエフ,ネコザンギエフCC
828,unit828.csv,2,ネコザンギエフ,ネコザンギエフCC
829,unit829.csv,0,ネコジェイミー,ネコジェイミー
829,unit829.csv,1,ネコジェイミー,ネコジェイミーCC
829,unit829.csv,2,ネコジェイミー,ネコジェイミーCC
830,unit830.csv,0,獅子番長ラクレス,獅子番長ラクレス
830,unit830.csv,1,獅子番長ラクレス,獅子番長ラクレスΣ
830,unit830.csv,2,獅子番長ラクレス,獅子番長ラクレスΣ
831,unit831.csv,0,スカーフにゃんこ,スカーフにゃんこ
831,unit831.csv,1,スカーフにゃんこ,レッドにゃんこ
831,unit831.csv,2,スカーフにゃんこ,レッドにゃんこ
832,unit832.csv,0,ハットにゃんこ,ハットにゃんこ
832,unit832.csv,1,ハットにゃんこ,ブルーにゃんこ
832,unit832.csv,2,ハットにゃんこ,ブルーにゃんこ
833,unit833.csv,0,ヘルメットにゃんこ,ヘルメットにゃんこ
833,unit833.csv,1,ヘルメットにゃんこ,イエローにゃんこ
833,unit833.csv,2,ヘルメットにゃんこ,イエローにゃんこ
834,unit834.csv,0,ゴーグルにゃんこ,ゴーグルにゃんこ
834,unit834.csv,1,ゴーグルにゃんこ,グリーンにゃんこ
834,unit834.csv,2,ゴーグルにゃんこ,グリーンにゃんこ
835,unit835.csv,0,リボンにゃんこ,リボンにゃんこ
835,unit835.csv,1,リボンにゃんこ,モモにゃんこ
835,unit835.csv,2,リボンにゃんこ,モモにゃんこ
836,unit836.csv,0,ニャンコオー,ニャンコオー
836,unit836.csv,1,ニャンコオー,超グレートニャンコオーDX
836,unit836.csv,2,ニャンコオー,超グレートニャンコオーDX
837,unit837.csv,0,幼騎士ルーノ,幼騎士ルーノ
837,unit837.csv,1,幼騎士ルーノ,満月の騎士ルーノス
837,unit837.csv,2,幼騎士ルーノ,満月の騎士ルーノス
838,unit838.csv,0,8,8
839,unit839.csv,0,8,8
840,unit840.csv,0,竈門炭治郎,竈門炭治郎
840,unit840.csv,1,竈門炭治郎,竈門炭治郎CC
840,unit840.csv,2,竈門炭治郎,竈門炭治郎CC
841,unit841.csv,0,竈門禰󠄀豆子,竈門禰󠄀豆子
841,unit841.csv,1,竈門禰󠄀豆子,竈門禰󠄀豆子CC
841,unit841.csv,2,竈門禰󠄀豆子,竈門禰󠄀豆子CC
842,unit842.csv,0,我妻善逸,我妻善逸
842,unit842.csv,1,我妻善逸,我妻善逸CC
842,unit842.csv,2,我妻善逸,我妻善逸CC
843,unit843.csv,0,嘴平伊之助,嘴平伊之助
843,unit843.csv,1,嘴平伊之助,嘴平伊之助CC
843,unit843.csv,2,嘴平伊之助,嘴平伊之助CC
844,unit844.csv,0,冨岡義勇,冨岡義勇
844,unit844.csv,1,冨岡義勇,冨岡義勇CC
844,unit844.csv,2,冨岡義勇,冨岡義勇CC
845,unit845.csv,0,胡蝶しのぶ,胡蝶しのぶ
845,unit845.csv,1,胡蝶しのぶ,胡蝶しのぶCC
845,unit845.csv,2,胡蝶しのぶ,胡蝶しのぶCC
846,unit846.csv,0,煉󠄁獄杏寿郎,煉󠄁獄杏寿郎
846,unit846.csv,1,煉󠄁獄杏寿郎,煉󠄁獄杏寿郎CC
846,unit846.csv,2,煉󠄁獄杏寿郎,煉󠄁獄杏寿郎CC
847,unit847.csv,0,ちび鱗滝左近次,ちび鱗滝左近次
847,unit847.csv,1,ちび鱗滝左近次,ちび鱗滝左近次CC
847,unit847.csv,2,ちび鱗滝左近次,ちび鱗滝左近次CC
848,unit848.csv,0,ネコ炭治郎,ネコ炭治郎
848,unit848.csv,1,ネコ炭治郎,ネコ炭治郎CC
848,unit848.csv,2,ネコ炭治郎,ネコ炭治郎CC
849,unit849.csv,0,ネコ禰󠄀豆子,ネコ禰󠄀豆子
849,unit849.csv,1,ネコ禰󠄀豆子,ネコ禰󠄀豆子CC
849,unit849.csv,2,ネコ禰󠄀豆子,ネコ禰󠄀豆子CC
850,unit850.csv,0,風魔小太郎,風魔小太郎
850,unit850.csv,1,風魔小太郎,蛇神・風魔小太郎
850,unit850.csv,2,風魔小太郎,蛇神・風魔小太郎
851,unit851.csv,0,ネコ新聞,ネコ新聞
851,unit851.csv,1,ネコ新聞,ネコセール
851,unit851.csv,2,ネコ新聞,ネコセール
852,unit852.csv,0,殺意のウシネコノトリ,殺意のウシネコノトリ
852,unit852.csv,1,殺意のウシネコノトリ,真・殺意のウシネコノトリ
852,unit852.csv,2,殺意のウシネコノトリ,真・殺意のウシネコノトリ
853,unit853.csv,0,オカルトネコ,オカルトネコ
853,unit853.csv,1,オカルトネコ,ギャルネコ
853,unit853.csv,2,オカルトネコ,ギャルネコ
854,unit854.csv,0,淘の賢者ダーヴィン,淘の賢者ダーヴィン
854,unit854.csv,1,淘の賢者ダーヴィン,淘の賢者ニャーヴィン
854,unit854.csv,2,淘の賢者ダーヴィン,淘の賢者ニャーヴィン
855,unit855.csv,0,8,8
856,unit856.csv,0,にゃんこ村のネコ,にゃんこ村のネコ
856,unit856.csv,1,にゃんこ村のネコ,にゃんこ村のネコCC
856,unit856.csv,2,にゃんこ村のネコ,にゃんこ村のネコCC
857,unit857.csv,0,バリスタにゃんこ,バリスタにゃんこ
857,unit857.csv,1,バリスタにゃんこ,シルバーにゃんこ
857,unit857.csv,2,バリスタにゃんこ,シルバーにゃんこ
858,unit858.csv,0,司令官にゃんこ,司令官にゃんこ
858,unit858.csv,1,司令官にゃんこ,ゴールドにゃんこ
858,unit858.csv,2,司令官にゃんこ,ゴールドにゃんこ
859,unit859.csv,0,孤月の騎士ルーノス,孤月の騎士ルーノス
859,unit859.csv,1,孤月の騎士ルーノス,晦月の騎士ダークルーノス
859,unit859.csv,2,孤月の騎士ルーノス,晦月の騎士ダークルーノス
860,unit860.csv,0,8,8
861,unit861.csv,0,嵐竜機ヴォルネード,嵐竜機ヴォルネード
861,unit861.csv,1,嵐竜機ヴォルネード,嵐竜機王ヴォルネード
861,unit861.csv,2,嵐竜機ヴォルネード,嵐竜機王ヴォルネード
862,unit862.csv,0,婚礼・服部半蔵,婚礼・服部半蔵
862,unit862.csv,1,婚礼・服部半蔵,新郎・服部半蔵
862,unit862.csv,2,婚礼・服部半蔵,新郎・服部半蔵
863,unit863.csv,0,透明にゃんこ,透明にゃんこ
863,unit863.csv,1,透明にゃんこ,ネコ花婿
863,unit863.csv,2,透明にゃんこ,ネコ花婿
864,unit864.csv,0,衛宮 士郎,衛宮 士郎
864,unit864.csv,1,衛宮 士郎,衛宮 士郎CC
864,unit864.csv,2,衛宮 士郎,衛宮 士郎CC
865,unit865.csv,0,真アサシン,真アサシン
865,unit865.csv,1,真アサシン,真アサシンCC
865,unit865.csv,2,真アサシン,真アサシンCC
866,unit866.csv,0,パックマン,パックマン
866,unit866.csv,1,パックマン,パックマンネコ
866,unit866.csv,2,パックマン,パックマンネコ
867,unit867.csv,0,ネコブリンキー,ネコブリンキー
867,unit867.csv,1,ネコブリンキー,ネコブリンキーCC
867,unit867.csv,2,ネコブリンキー,ネコブリンキーCC
868,unit868.csv,0,ネコインキー,ネコインキー
868,unit868.csv,1,ネコインキー,ネコインキーCC
868,unit868.csv,2,ネコインキー,ネコインキーCC
869,unit869.csv,0,鉄腕！東雲寺あかね,鉄腕！東雲寺あかね
869,unit869.csv,1,鉄腕！東雲寺あかね,それいけ！東雲寺あかね
869,unit869.csv,2,鉄腕！東雲寺あかね,それいけ！東雲寺あかね
870,unit870.csv,0,古びたタマゴ:N207,古びたタマゴ:N207
870,unit870.csv,1,古びたタマゴ:N207,黒いタマゴ:N207
870,unit870.csv,2,古びたタマゴ:N207,成金ネコ
